Workbook
Name reconciliation_base: reconciliation_base!$A$1:$O$4001

Sheet Executive Summary
A1: EXECUTIVE SUMMARY: REVENUE RECONCILIATION ANALYSIS
A3: DATASET OVERVIEW | H3: KEY DRIVERS OF VARIANCE
A4: Metric | B4: Value | C4: Context | H4: Issue Type | I4: Occurrences | J4: Total Variance | K4: % of Variance
A5: Total Orders Analyzed | B5: =COUNTA(reconciliation_base!A:A)-1 -> 4000 | C5: 2-year period (2023-2024) | H5: #1 Unit Mismatch | I5: =COUNTIF(reconciliation_base!Q:Q,1) -> 197 | J5: =SUMIF(reconciliation_base!Q:Q,1,reconciliation_base!Z:Z) -> 363390.07 | K5: =J5/SUM(reconciliation_base!Z:Z) -> 0.98888958
A6: Total Billed Revenue | B6: =SUM(reconciliation_base!X:X) -> 2.5436576e+08 | C6: Gross billing amount | H6: #2 List Price Mismatch | I6: =COUNTIF(reconciliation_base!R:R,1) -> 123 | J6: =SUMIF(reconciliation_base!R:R,1,reconciliation_base!Z:Z) -> 36253.367 | K6: =J6/SUM(reconciliation_base!Z:Z) -> 0.098655905
A7: Net Revenue Variance | B7: =SUM(reconciliation_base!Z:Z) -> 367472.85 | C7: Overbilled vs Expected | H7: #3 Late Return | I7: =COUNTIF(reconciliation_base!U:U,1) -> 191 | J7: =SUMIF(reconciliation_base!U:U,1,reconciliation_base!Z:Z) -> 28457.737 | K7: =J7/SUM(reconciliation_base!Z:Z) -> 0.077441741
A8: Variance as % of Revenue | B8: =SUM(reconciliation_base!Z:Z)/SUM(reconciliation_base!X:X) -> 0.0014446632 | C8: Impact ratio | H8: #4 Contract Price Mismatch | I8: =COUNTIF(reconciliation_base!S:S,1) -> 7 | J8: =SUMIF(reconciliation_base!S:S,1,reconciliation_base!Z:Z) -> 7438.176 | K8: =J8/SUM(reconciliation_base!Z:Z) -> 0.02024143
A9: Orders with Issues (FAIL) | B9: =COUNTIF(reconciliation_base!W:W,"FAIL") -> 503 | C9: Orders requiring attention | H9: #5 Expired Contract | I9: =COUNTIF(reconciliation_base!T:T,1) -> 5 | J9: =SUMIF(reconciliation_base!T:T,1,reconciliation_base!Z:Z) -> 7438.176 | K9: =J9/SUM(reconciliation_base!Z:Z) -> 0.02024143
A10: Clean Orders (PASS) | B10: =COUNTIF(reconciliation_base!W:W,"PASS") -> 3497 | C10: Successfully reconciled | H10: #6 Over Return | I10: =COUNTIF(reconciliation_base!V:V,1) -> 15 | J10: =SUMIF(reconciliation_base!V:V,1,reconciliation_base!Z:Z) -> 3979.4256 | K10: =J10/SUM(reconciliation_base!Z:Z) -> 0.010829169
A11: Issue Rate | B11: =COUNTIF(reconciliation_base!W:W,"FAIL")/(COUNTA(reconciliation_base!W:W)-1) -> 0.12575 | C11: % of orders with problems
H12: YEAR-OVER-YEAR TREND
A13: FINANCIAL IMPACT SUMMARY | H13: Year | I13: Total Variance | J13: Order Count | K13: Variance/Order
A14: Category | B14: Amount | C14: % of Total | D14: Interpretation | H14: 2023 | I14: =SUMIFS(reconciliation_base!Z:Z,reconciliation_base!AC:AC,"2023-*") -> 190266.38 | J14: =COUNTIF(reconciliation_base!AC:AC,"2023-*") -> 2003 | K14: =IF(I14>0,H14/I14,0) -> 0.010632462
A15: Total Overbilling (Positive Variance) | B15: =SUMIF(reconciliation_base!Z:Z,">0") -> 493353.97 | C15: =B15/(ABS(B15)+ABS(B16)) -> 0.79671514 | D15: Revenue billed above expected | H15: 2024 | I15: =SUMIFS(reconciliation_base!Z:Z,reconciliation_base!AC:AC,"2024-*") -> 177206.47 | J15: =COUNTIF(reconciliation_base!AC:AC,"2024-*") -> 1997 | K15: =IF(I15>0,H15/I15,0) -> 0.011421705
A16: Total Underbilling (Negative Variance) | B16: =SUMIF(reconciliation_base!Z:Z,"<0") -> -125881.12 | C16: =ABS(B16)/(ABS(B15)+ABS(B16)) -> 0.20328486 | D16: Revenue shortfall | H16: YoY Change | I16: =H15-H14 -> 1 | J16: =I15-I14 -> -13059.91 | K16: =J15-J14 -> -6
A17: Net Position | B17: =SUM(reconciliation_base!Z:Z) -> 367472.85 | C17: =B17/(ABS(B15)+ABS(B16)) -> 0.59343027 | D17: Net overbilling amount | H17: YoY % Change | I17: =IF(H14<>0,(H15-H14)/H14,0) -> 0.00049431537 | K17: =IF(J14<>0,(J15-J14)/J14,0) -> -0.0029955067
A18: Average Variance per Issue Order | B18: =AVERAGEIF(reconciliation_base!Z:Z,"<>0") -> 1185.3963 | D18: Per-order impact
A19: Maximum Single Order Variance | B19: =MAX(reconciliation_base!Z:Z) -> 12319.933 | D19: Largest overbilling | H19: ANOMALY DETECTED
A20: Minimum Single Order Variance | B20: =MIN(reconciliation_base!Z:Z) -> -6159.9665 | D20: Largest underbilling | H20: Month | I20: 45078
H21: Variance | I21: =SUMIFS(reconciliation_base!Z:Z,reconciliation_base!AC:AC,"2023-06") -> 43272.064
A22: RISK PROFILE | H22: Status | I22: HIGH SPIKE - Z-Score +2.68
A23: Risk Level | B23: Order Count | C23: % of Orders | D23: Total Variance | E23: Avg Variance | F23: Financial Exposure | H23: Action | I23: Investigation Required
A24: HIGH | B24: =COUNTIF(reconciliation_base!AB:AB,"HIGH") -> 181 | C24: =B24/(COUNTA(reconciliation_base!AB:AB)-1) -> 0.04525 | D24: =SUMIF(reconciliation_base!AB:AB,"HIGH",reconciliation_base!Z:Z) -> 361776.8 | E24: =IF(B24>0,D24/B24,0) -> 1998.7668 | F24: CRITICAL - Immediate attention
A25: MEDIUM | B25: =COUNTIF(reconciliation_base!AB:AB,"MEDIUM") -> 322 | C25: =B25/(COUNTA(reconciliation_base!AB:AB)-1) -> 0.0805 | D25: =SUMIF(reconciliation_base!AB:AB,"MEDIUM",reconciliation_base!Z:Z) -> 5696.0552 | E25: =IF(B25>0,D25/B25,0) -> 17.689612 | F25: MODERATE - Review recommended | H25: RECOMMENDED ACTIONS
A26: LOW | B26: =COUNTIF(reconciliation_base!AB:AB,"LOW") -> 3497 | C26: =B26/(COUNTA(reconciliation_base!AB:AB)-1) -> 0.87425 | D26: =SUMIF(reconciliation_base!AB:AB,"LOW",reconciliation_base!Z:Z) -> 0 | E26: =IF(B26>0,D26/B26,0) -> 0 | F26: MINIMAL - Normal operations | H26: PRIORITY 1: Address Unit Mismatch Root Cause
A27: TOTAL | B27: =SUM(B24:B26) -> 4000 | C27: =SUM(C24:C26) -> 1 | D27: =SUM(D24:D26) -> 367472.85 | E27: =IF(B27>0,D27/B27,0) -> 91.868213 | H27: - Audit order entry vs billing systems
H28: - Implement unit validation controls
A29: KEY FINDINGS
A30: FINDING #1: UNIT MISMATCH IS THE DOMINANT DRIVER | H30: PRIORITY 2: Customer-Specific Review
A31: • Unit mismatches account for ~99% of total revenue variance | H31: - Contact top 10 variance customers
A32: • 197 occurrences generating $363K+ in billing discrepancies | H32: - Review for potential refund exposure
A33: • 87.8% of unit mismatches result in HIGH risk classification
H34: PRIORITY 3: Process Controls
A35: FINDING #2: SYSTEMATIC OVERBILLING PATTERN | H35: - Automate reconciliation checks
A36: • Net position shows consistent overbilling across all months | H36: - Flag orders before billing
A37: • 67% of unit mismatches result in overbilling (vs 33% underbilling)
A38: • All 24 months analyzed show net positive variance | H38: PRIORITY 4: Investigation
H39: - Investigate June 2023 anomaly
A40: FINDING #3: IMPROVING TREND | H40: - Review HIGH risk order patterns
A41: • Late returns decreased 71% year-over-year (148 to 43)
A42: • 2024 variance improved vs 2023 (reduced by ~$13K)
A43: • No statistical anomalies in 2024 (vs 1 in 2023)
A45: FINDING #4: CONCENTRATED RISK
A46: • 4.5% of orders (HIGH risk) generate 98% of variance
A47: • Top 10 customers account for 17% of total variance
A48: • June 2023 anomaly ($43K variance) requires investigation

Sheet Total Revenue Variance
A3: Sum of revenue_variance
A4: 367472.85

Sheet reconciliation_base
A1: Order_ID | B1: Order_Date | C1: Customer_ID | D1: Product_ID | E1: ordered_units | F1: Invoice_ID | G1: Billed_Units | H1: Billed_Price | I1: total_returned_units | J1: last_return_date | K1: Contract_Price | L1: Start_Date | M1: End_Date | N1: List_Price | O1: Effective_Date | P1: missing_invoice | Q1: unit_mismatch | R1: list_price_mismatch | S1: contract_price_mismatch | T1: expired_contract | U1: late_return | V1: over_return | W1: recon_status | X1: billed_revenue | Y1: expected_revenue | Z1: revenue_variance | AA1: severity_score | AB1: risk_level | AC1: month
A2: ORD00001 | B2: 45239 | C2: CUST0281 | D2: PROD031 | E2: 26 | F2: INV00001 | G2: 26 | H2: 446.4905 | N2: 446.4905 | O2: 45161 | P2: =IF(AND(NOT(ISBLANK(ReconciliationData[[#This Row],[Contract_Price]])),ReconciliationData[[#This Row],[Billed_Price]]<>ReconciliationData[[#This Row],[Contract_Price]]),1,0) -> 0 | Q2: =IF(AND(NOT(ISBLANK(ReconciliationData[[#This Row],[Billed_Units]])),ReconciliationData[[#This Row],[ordered_units]]<>ReconciliationData[[#This Row],[Billed_Units]]),1,0) -> 0 | R2: =IF(AND(NOT(ISBLANK(ReconciliationData[[#This Row],[Billed_Price]])),NOT(ISBLANK(ReconciliationData[[#This Row],[List_Price]])),ReconciliationData[[#This Row],[Billed_Price]]<>ReconciliationData[[#This Row],[List_Price]]),1,0) -> 0 | S2: =IF(AND(NOT(ISBLANK(ReconciliationData[[#This Row],[Contract_Price]])),ReconciliationData[[#This Row],[Billed_Price]]<>ReconciliationData[[#This Row],[Contract_Price]]),1,0) -> 0 | T2: =IF(AND(NOT(ISBLANK(ReconciliationData[[#This Row],[End_Date]])),ReconciliationData[[#This Row],[Order_Date]]>ReconciliationData[[#This Row],[End_Date]]),1,0) -> 0 | U2: =IF(AND(NOT(ISBLANK(ReconciliationData[[#This Row],[last_return_date]])),ReconciliationData[[#This Row],[last_return_date]]>ReconciliationData[[#This Row],[Order_Date]]+60),1,0) -> 0 | V2: =IF(ReconciliationData[[#This Row],[total_returned_units]]>ReconciliationData[[#This Row],[ordered_units]],1,0) -> 0 | W2: =IF( OR(ReconciliationData[[#This Row],[missing_invoice]]=1, ReconciliationData[[#This Row],[unit_mismatch]]=1, ReconciliationData[[#This Row],[list_price_mismatch]]=1, ReconciliationData[[#This Row],[contract_price_mismatch]]=1, ReconciliationData[[#This Row],[expired_contract]]=1, ReconciliationData[[#This Row],[late_return]]=1, ReconciliationData[[#This Row],[over_return]]=1), "FAIL","PASS") -> PASS | X2: =ReconciliationData[[#This Row],[Billed_Units]]*ReconciliationData[[#This Row],[Billed_Price]] -> 11608.753 | Y2: =ReconciliationData[[#This Row],[ordered_units]]*ReconciliationData[[#This Row],[List_Price]] -> 11608.753 | Z2: =ReconciliationData[[#This Row],[billed_revenue]]-ReconciliationData[[#This Row],[expected_revenue]] -> 0 | AA2: =ReconciliationData[[#This Row],[missing_invoice]]*5 + ReconciliationData[[#This Row],[unit_mismatch]]*3 + ReconciliationData[[#This Row],[list_price_mismatch]]*4 + ReconciliationData[[#This Row],[contract_price_mismatch]]*4 + ReconciliationData[[#This Row],[expired_contract]]*4 + ReconciliationData[[#This Row],[late_return]]*2 + ReconciliationData[[#This Row],[over_return]]*3 + IF(ABS(ReconciliationData[[#This Row],[revenue_variance]])>500,5,0) -> 0 | AB2: =IF(ReconciliationData[[#This Row],[severity_score]]=0,"LOW", IF(ReconciliationData[[#This Row],[severity_score]]<=5,"MEDIUM","HIGH")) -> LOW | AC2: =TEXT(ReconciliationData[[#This Row],[Order_Date]],"YYYY-MM") -> 2023-11
A3: ORD00002 | B3: 45637 | C3: CUST0591 | D3: PROD252 | E3: 139 | F3: INV00002 | G3: 139 | H3: 444.22 | N3: 444.22 | O3: 45074 | P3: =IF(ISBLANK(ReconciliationData[[#This Row],[Invoice_ID]]),1,0) -> 0 | Q3: =IF(AND(NOT(ISBLANK(ReconciliationData[[#This Row],[Billed_Units]])),ReconciliationData[[#This Row],[ordered_units]]<>ReconciliationData[[#This Row],[Billed_Units]]),1,0) -> 0 | R3: =IF(AND(NOT(ISBLANK(ReconciliationData[[#This Row],[Billed_Price]])),NOT(ISBLANK(ReconciliationData[[#This Row],[List_Price]])),ReconciliationData[[#This Row],[Billed_Price]]<>ReconciliationData[[#This Row],[List_Price]]),1,0) -> 0 | S3: =IF(AND(NOT(ISBLANK(ReconciliationData[[#This Row],[Contract_Price]])),ReconciliationData[[#This Row],[Billed_Price]]<>ReconciliationData[[#This Row],[Contract_Price]]),1,0) -> 0 | T3: =IF(AND(NOT(ISBLANK(ReconciliationData[[#This Row],[End_Date]])),ReconciliationData[[#This Row],[Order_Date]]>ReconciliationData[[#This Row],[End_Date]]),1,0) -> 0 | U3: =IF(AND(NOT(ISBLANK(ReconciliationData[[#This Row],[last_return_date]])),ReconciliationData[[#This Row],[last_return_date]]>ReconciliationData[[#This Row],[Order_Date]]+60),1,0) -> 0 | V3: =IF(ReconciliationData[[#This Row],[total_returned_units]]>ReconciliationData[[#This Row],[ordered_units]],1,0) -> 0 | W3: =IF( OR(ReconciliationData[[#This Row],[missing_invoice]]=1, ReconciliationData[[#This Row],[unit_mismatch]]=1, ReconciliationData[[#This Row],[list_price_mismatch]]=1, ReconciliationData[[#This Row],[contract_price_mismatch]]=1, ReconciliationData[[#This Row],[expired_contract]]=1, ReconciliationData[[#This Row],[late_return]]=1, ReconciliationData[[#This Row],[over_return]]=1), "FAIL","PASS") -> PASS | X3: =ReconciliationData[[#This Row],[Billed_Units]]*ReconciliationData[[#This Row],[Billed_Price]] -> 61746.58 | Y3: =ReconciliationData[[#This Row],[ordered_units]]*ReconciliationData[[#This Row],[List_Price]] -> 61746.58 | Z3: =ReconciliationData[[#This Row],[billed_revenue]]-ReconciliationData[[#This Row],[expected_revenue]] -> 0 | AA3: =ReconciliationData[[#This Row],[missing_invoice]]*5 + ReconciliationData[[#This Row],[unit_mismatch]]*3 + ReconciliationData[[#This Row],[list_price_mismatch]]*4 + ReconciliationData[[#This Row],[contract_price_mismatch]]*4 + ReconciliationData[[#This Row],[expired_contract]]*4 + ReconciliationData[[#This Row],[late_return]]*2 + ReconciliationData[[#This Row],[over_return]]*3 + IF(ABS(ReconciliationData[[#This Row],[revenue_variance]])>500,5,0) -> 0 | AB3: =IF(ReconciliationData[[#This Row],[severity_score]]=0,"LOW", IF(ReconciliationData[[#This Row],[severity_score]]<=5,"MEDIUM","HIGH")) -> LOW | AC3: =TEXT(ReconciliationData[[#This Row],[Order_Date]],"YYYY-MM") -> 2024-12
A4: ORD00003 | B4: 45542 | C4: CUST0187 | D4: PROD288 | E4: 9 | F4: INV00003 | G4: 9 | H4: 189.1498 | N4: 189.1498 | O4: 45108 | P4: =IF(ISBLANK(ReconciliationData[[#This Row],[Invoice_ID]]),1,0) -> 0 | Q4: =IF(AND(NOT(ISBLANK(ReconciliationData[[#This Row],[Billed_Units]])),ReconciliationData[[#This Row],[ordered_units]]<>ReconciliationData[[#This Row],[Billed_Units]]),1,0) -> 0 | R4: =IF(AND(NOT(ISBLANK(ReconciliationData[[#This Row],[Billed_Price]])),NOT(ISBLANK(ReconciliationData[[#This Row],[List_Price]])),ReconciliationData[[#This Row],[Billed_Price]]<>ReconciliationData[[#This Row],[List_Price]]),1,0) -> 0 | S4: =IF(AND(NOT(ISBLANK(ReconciliationData[[#This Row],[Contract_Price]])),ReconciliationData[[#This Row],[Billed_Price]]<>ReconciliationData[[#This Row],[Contract_Price]]),1,0) -> 0 | T4: =IF(AND(NOT(ISBLANK(ReconciliationData[[#This Row],[End_Date]])),ReconciliationData[[#This Row],[Order_Date]]>ReconciliationData[[#This Row],[End_Date]]),1,0) -> 0 | U4: =IF(AND(NOT(ISBLANK(ReconciliationData[[#This Row],[last_return_date]])),ReconciliationData[[#This Row],[last_return_date]]>ReconciliationData[[#This Row],[Order_Date]]+60),1,0) -> 0 | V4: =IF(ReconciliationData[[#This Row],[total_returned_units]]>ReconciliationData[[#This Row],[ordered_units]],1,0) -> 0 | W4: =IF( OR(ReconciliationData[[#This Row],[missing_invoice]]=1, ReconciliationData[[#This Row],[unit_mismatch]]=1, ReconciliationData[[#This Row],[list_price_mismatch]]=1, ReconciliationData[[#This Row],[contract_price_mismatch]]=1, ReconciliationData[[#This Row],[expired_contract]]=1, ReconciliationData[[#This Row],[late_return]]=1, ReconciliationData[[#This Row],[over_return]]=1), "FAIL","PASS") -> PASS | X4: =ReconciliationData[[#This Row],[Billed_Units]]*ReconciliationData[[#This Row],[Billed_Price]] -> 1702.3482 | Y4: =ReconciliationData[[#This Row],[ordered_units]]*ReconciliationData[[#This Row],[List_Price]] -> 1702.3482 | Z4: =ReconciliationData[[#This Row],[billed_revenue]]-ReconciliationData[[#This Row],[expected_revenue]] -> 0 | AA4: =ReconciliationData[[#This Row],[missing_invoice]]*5 + ReconciliationData[[#This Row],[unit_mismatch]]*3 + ReconciliationData[[#This Row],[list_price_mismatch]]*4 + ReconciliationData[[#This Row],[contract_price_mismatch]]*4 + ReconciliationData[[#This Row],[expired_contract]]*4 + ReconciliationData[[#This Row],[late_return]]*2 + ReconciliationData[[#This Row],[over_return]]*3 + IF(ABS(ReconciliationData[[#This Row],[revenue_variance]])>500,5,0) -> 0 | AB4: =IF(ReconciliationData[[#This Row],[severity_score]]=0,"LOW", IF(ReconciliationData[[#This Row],[severity_score]]<=5,"MEDIUM","HIGH")) -> LOW | AC4: =TEXT(ReconciliationData[[#This Row],[Order_Date]],"YYYY-MM") -> 2024-09
A5: ORD00004 | B5: 45334 | C5: CUST0442 | D5: PROD145 | E5: 185 | F5: INV00004 | G5: 185 | H5: 849.4395 | I5: 15 | J5: 45428 | N5: 849.4395 | O5: 45114 | P5: =IF(ISBLANK(ReconciliationData[[#This Row],[Invoice_ID]]),1,0) -> 0 | Q5: =IF(AND(NOT(ISBLANK(ReconciliationData[[#This Row],[Billed_Units]])),ReconciliationData[[#This Row],[ordered_units]]<>ReconciliationData[[#This Row],[Billed_Units]]),1,0) -> 0 | R5: =IF(AND(NOT(ISBLANK(ReconciliationData[[#This Row],[Billed_Price]])),NOT(ISBLANK(ReconciliationData[[#This Row],[List_Price]])),ReconciliationData[[#This Row],[Billed_Price]]<>ReconciliationData[[#This Row],[List_Price]]),1,0) -> 0 | S5: =IF(AND(NOT(ISBLANK(ReconciliationData[[#This Row],[Contract_Price]])),ReconciliationData[[#This Row],[Billed_Price]]<>ReconciliationData[[#This Row],[Contract_Price]]),1,0) -> 0 | T5: =IF(AND(NOT(ISBLANK(ReconciliationData[[#This Row],[End_Date]])),ReconciliationData[[#This Row],[Order_Date]]>ReconciliationData[[#This Row],[End_Date]]),1,0) -> 0 | U5: =IF(AND(NOT(ISBLANK(ReconciliationData[[#This Row],[last_return_date]])),ReconciliationData[[#This Row],[last_return_date]]>ReconciliationData[[#This Row],[Order_Date]]+60),1,0) -> 1 | V5: =IF(ReconciliationData[[#This Row],[total_returned_units]]>ReconciliationData[[#This Row],[ordered_units]],1,0) -> 0 | W5: =IF( OR(ReconciliationData[[#This Row],[missing_invoice]]=1, ReconciliationData[[#This Row],[unit_mismatch]]=1, ReconciliationData[[#This Row],[list_price_mismatch]]=1, ReconciliationData[[#This Row],[contract_price_mismatch]]=1, ReconciliationData[[#This Row],[expired_contract]]=1, ReconciliationData[[#This Row],[late_return]]=1, ReconciliationData[[#This Row],[over_return]]=1), "FAIL","PASS") -> FAIL | X5: =ReconciliationData[[#This Row],[Billed_Units]]*ReconciliationData[[#This Row],[Billed_Price]] -> 157146.31 | Y5: =ReconciliationData[[#This Row],[ordered_units]]*ReconciliationData[[#This Row],[List_Price]] -> 157146.31 | Z5: =ReconciliationData[[#This Row],[billed_revenue]]-ReconciliationData[[#This Row],[expected_revenue]] -> 0 | AA5: =ReconciliationData[[#This Row],[missing_invoice]]*5 + ReconciliationData[[#This Row],[unit_mismatch]]*3 + ReconciliationData[[#This Row],[list_price_mismatch]]*4 + ReconciliationData[[#This Row],[contract_price_mismatch]]*4 + ReconciliationData[[#This Row],[expired_contract]]*4 + ReconciliationData[[#This Row],[late_return]]*2 + ReconciliationData[[#This Row],[over_return]]*3 + IF(ABS(ReconciliationData[[#This Row],[revenue_variance]])>500,5,0) -> 2 | AB5: =IF(ReconciliationData[[#This Row],[severity_score]]=0,"LOW", IF(ReconciliationData[[#This Row],[severity_score]]<=5,"MEDIUM","HIGH")) -> MEDIUM | AC5: =TEXT(ReconciliationData[[#This Row],[Order_Date]],"YYYY-MM") -> 2024-02
A6: ORD00005 | B6: 45598 | C6: CUST0010 | D6: PROD088 | E6: 192 | F6: INV00005 | G6: 192 | H6: 353.5272 | I6: 18 | J6: 45450 | N6: 353.5272 | O6: 45182 | P6: =IF(ISBLANK(ReconciliationData[[#This Row],[Invoice_ID]]),1,0) -> 0 | Q6: =IF(AND(NOT(ISBLANK(ReconciliationData[[#This Row],[Billed_Units]])),ReconciliationData[[#This Row],[ordered_units]]<>ReconciliationData[[#This Row],[Billed_Units]]),1,0) -> 0 | R6: =IF(AND(NOT(ISBLANK(ReconciliationData[[#This Row],[Billed_Price]])),NOT(ISBLANK(ReconciliationData[[#This Row],[List_Price]])),ReconciliationData[[#This Row],[Billed_Price]]<>ReconciliationData[[#This Row],[List_Price]]),1,0) -> 0 | S6: =IF(AND(NOT(ISBLANK(ReconciliationData[[#This Row],[Contract_Price]])),ReconciliationData[[#This Row],[Billed_Price]]<>ReconciliationData[[#This Row],[Contract_Price]]),1,0) -> 0 | T6: =IF(AND(NOT(ISBLANK(ReconciliationData[[#This Row],[End_Date]])),ReconciliationData[[#This Row],[Order_Date]]>ReconciliationData[[#This Row],[End_Date]]),1,0) -> 0 | U6: =IF(AND(NOT(ISBLANK(ReconciliationData[[#This Row],[last_return_date]])),ReconciliationData[[#This Row],[last_return_date]]>ReconciliationData[[#This Row],[Order_Date]]+60),1,0) -> 0 | V6: =IF(ReconciliationData[[#This Row],[total_returned_units]]>ReconciliationData[[#This Row],[ordered_units]],1,0) -> 0 | W6: =IF( OR(ReconciliationData[[#This Row],[missing_invoice]]=1, ReconciliationData[[#This Row],[unit_mismatch]]=1, ReconciliationData[[#This Row],[list_price_mismatch]]=1, ReconciliationData[[#This Row],[contract_price_mismatch]]=1, ReconciliationData[[#This Row],[expired_contract]]=1, ReconciliationData[[#This Row],[late_return]]=1, ReconciliationData[[#This Row],[over_return]]=1), "FAIL","PASS") -> PASS | X6: =ReconciliationData[[#This Row],[Billed_Units]]*ReconciliationData[[#This Row],[Billed_Price]] -> 67877.222 | Y6: =ReconciliationData[[#This Row],[ordered_units]]*ReconciliationData[[#This Row],[List_Price]] -> 67877.222 | Z6: =ReconciliationData[[#This Row],[billed_revenue]]-ReconciliationData[[#This Row],[expected_revenue]] -> 0 | AA6: =ReconciliationData[[#This Row],[missing_invoice]]*5 + ReconciliationData[[#This Row],[unit_mismatch]]*3 + ReconciliationData[[#This Row],[list_price_mismatch]]*4 + ReconciliationData[[#This Row],[contract_price_mismatch]]*4 + ReconciliationData[[#This Row],[expired_contract]]*4 + ReconciliationData[[#This Row],[late_return]]*2 + ReconciliationData[[#This Row],[over_return]]*3 + IF(ABS(ReconciliationData[[#This Row],[revenue_variance]])>500,5,0) -> 0 | AB6: =IF(ReconciliationData[[#This Row],[severity_score]]=0,"LOW", IF(ReconciliationData[[#This Row],[severity_score]]<=5,"MEDIUM","HIGH")) -> LOW | AC6: =TEXT(ReconciliationData[[#This Row],[Order_Date]],"YYYY-MM") -> 2024-11
A7: ORD00006 | B7: 45570 | C7: CUST0658 | D7: PROD214 | E7: 38 | F7: INV00006 | G7: 38 | H7: 1058.35 | N7: 1058.35 | O7: 45136 | P7: =IF(ISBLANK(ReconciliationData[[#This Row],[Invoice_ID]]),1,0) -> 0 | Q7: =IF(AND(NOT(ISBLANK(ReconciliationData[[#This Row],[Billed_Units]])),ReconciliationData[[#This Row],[ordered_units]]<>ReconciliationData[[#This Row],[Billed_Units]]),1,0) -> 0 | R7: =IF(AND(NOT(ISBLANK(ReconciliationData[[#This Row],[Billed_Price]])),NOT(ISBLANK(ReconciliationData[[#This Row],[List_Price]])),ReconciliationData[[#This Row],[Billed_Price]]<>ReconciliationData[[#This Row],[List_Price]]),1,0) -> 0 | S7: =IF(AND(NOT(ISBLANK(ReconciliationData[[#This Row],[Contract_Price]])),ReconciliationData[[#This Row],[Billed_Price]]<>ReconciliationData[[#This Row],[Contract_Price]]),1,0) -> 0 | T7: =IF(AND(NOT(ISBLANK(ReconciliationData[[#This Row],[End_Date]])),ReconciliationData[[#This Row],[Order_Date]]>ReconciliationData[[#This Row],[End_Date]]),1,0) -> 0 | U7: =IF(AND(NOT(ISBLANK(ReconciliationData[[#This Row],[last_return_date]])),ReconciliationData[[#This Row],[last_return_date]]>ReconciliationData[[#This Row],[Order_Date]]+60),1,0) -> 0 | V7: =IF(ReconciliationData[[#This Row],[total_returned_units]]>ReconciliationData[[#This Row],[ordered_units]],1,0) -> 0 | W7: =IF( OR(ReconciliationData[[#This Row],[missing_invoice]]=1, ReconciliationData[[#This Row],[unit_mismatch]]=1, ReconciliationData[[#This Row],[list_price_mismatch]]=1, ReconciliationData[[#This Row],[contract_price_mismatch]]=1, ReconciliationData[[#This Row],[expired_contract]]=1, ReconciliationData[[#This Row],[late_return]]=1, ReconciliationData[[#This Row],[over_return]]=1), "FAIL","PASS") -> PASS | X7: =ReconciliationData[[#This Row],[Billed_Units]]*ReconciliationData[[#This Row],[Billed_Price]] -> 40217.3 | Y7: =ReconciliationData[[#This Row],[ordered_units]]*ReconciliationData[[#This Row],[List_Price]] -> 40217.3 | Z7: =ReconciliationData[[#This Row],[billed_revenue]]-ReconciliationData[[#This Row],[expected_revenue]] -> 0 | AA7: =ReconciliationData[[#This Row],[missing_invoice]]*5 + ReconciliationData[[#This Row],[unit_mismatch]]*3 + ReconciliationData[[#This Row],[list_price_mismatch]]*4 + ReconciliationData[[#This Row],[contract_price_mismatch]]*4 + ReconciliationData[[#This Row],[expired_contract]]*4 + ReconciliationData[[#This Row],[late_return]]*2 + ReconciliationData[[#This Row],[over_return]]*3 + IF(ABS(ReconciliationData[[#This Row],[revenue_variance]])>500,5,0) -> 0 | AB7: =IF(ReconciliationData[[#This Row],[severity_score]]=0,"LOW", IF(ReconciliationData[[#This Row],[severity_score]]<=5,"MEDIUM","HIGH")) -> LOW | AC7: =TEXT(ReconciliationData[[#This Row],[Order_Date]],"YYYY-MM") -> 2024-10
A8: ORD00007 | B8: 45612 | C8: CUST0056 | D8: PROD279 | E8: 144 | F8: INV00007 | G8: 144 | H8: 700.9356 | I8: 4 | J8: 45293 | N8: 700.9356 | O8: 45077 | P8: =IF(ISBLANK(ReconciliationData[[#This Row],[Invoice_ID]]),1,0) -> 0 | Q8: =IF(AND(NOT(ISBLANK(ReconciliationData[[#This Row],[Billed_Units]])),ReconciliationData[[#This Row],[ordered_units]]<>ReconciliationData[[#This Row],[Billed_Units]]),1,0) -> 0 | R8: =IF(AND(NOT(ISBLANK(ReconciliationData[[#This Row],[Billed_Price]])),NOT(ISBLANK(ReconciliationData[[#This Row],[List_Price]])),ReconciliationData[[#This Row],[Billed_Price]]<>ReconciliationData[[#This Row],[List_Price]]),1,0) -> 0 | S8: =IF(AND(NOT(ISBLANK(ReconciliationData[[#This Row],[Contract_Price]])),ReconciliationData[[#This Row],[Billed_Price]]<>ReconciliationData[[#This Row],[Contract_Price]]),1,0) -> 0 | T8: =IF(AND(NOT(ISBLANK(ReconciliationData[[#This Row],[End_Date]])),ReconciliationData[[#This Row],[Order_Date]]>ReconciliationData[[#This Row],[End_Date]]),1,0) -> 0 | U8: =IF(AND(NOT(ISBLANK(ReconciliationData[[#This Row],[last_return_date]])),ReconciliationData[[#This Row],[last_return_date]]>ReconciliationData[[#This Row],[Order_Date]]+60),1,0) -> 0 | V8: =IF(ReconciliationData[[#This Row],[total_returned_units]]>ReconciliationData[[#This Row],[ordered_units]],1,0) -> 0 | W8: =IF( OR(ReconciliationData[[#This Row],[missing_invoice]]=1, ReconciliationData[[#This Row],[unit_mismatch]]=1, ReconciliationData[[#This Row],[list_price_mismatch]]=1, ReconciliationData[[#This Row],[contract_price_mismatch]]=1, ReconciliationData[[#This Row],[expired_contract]]=1, ReconciliationData[[#This Row],[late_return]]=1, ReconciliationData[[#This Row],[over_return]]=1), "FAIL","PASS") -> PASS | X8: =ReconciliationData[[#This Row],[Billed_Units]]*ReconciliationData[[#This Row],[Billed_Price]] -> 100934.73 | Y8: =ReconciliationData[[#This Row],[ordered_units]]*ReconciliationData[[#This Row],[List_Price]] -> 100934.73 | Z8: =ReconciliationData[[#This Row],[billed_revenue]]-ReconciliationData[[#This Row],[expected_revenue]] -> 0 | AA8: =ReconciliationData[[#This Row],[missing_invoice]]*5 + ReconciliationData[[#This Row],[unit_mismatch]]*3 + ReconciliationData[[#This Row],[list_price_mismatch]]*4 + ReconciliationData[[#This Row],[contract_price_mismatch]]*4 + ReconciliationData[[#This Row],[expired_contract]]*4 + ReconciliationData[[#This Row],[late_return]]*2 + ReconciliationData[[#This Row],[over_return]]*3 + IF(ABS(ReconciliationData[[#This Row],[revenue_variance]])>500,5,0) -> 0 | AB8: =IF(ReconciliationData[[#This Row],[severity_score]]=0,"LOW", IF(ReconciliationData[[#This Row],[severity_score]]<=5,"MEDIUM","HIGH")) -> LOW | AC8: =TEXT(ReconciliationData[[#This Row],[Order_Date]],"YYYY-MM") -> 2024-11
A9: ORD00008 | B9: 45366 | C9: CUST0799 | D9: PROD083 | E9: 172 | F9: INV00008 | G9: 169 | H9: 510.9184 | N9: 510.9184 | O9: 44981 | P9: =IF(ISBLANK(ReconciliationData[[#This Row],[Invoice_ID]]),1,0) -> 0 | Q9: =IF(AND(NOT(ISBLANK(ReconciliationData[[#This Row],[Billed_Units]])),ReconciliationData[[#This Row],[ordered_units]]<>ReconciliationData[[#This Row],[Billed_Units]]),1,0) -> 1 | R9: =IF(AND(NOT(ISBLANK(ReconciliationData[[#This Row],[Billed_Price]])),NOT(ISBLANK(ReconciliationData[[#This Row],[List_Price]])),ReconciliationData[[#This Row],[Billed_Price]]<>ReconciliationData[[#This Row],[List_Price]]),1,0) -> 0 | S9: =IF(AND(NOT(ISBLANK(ReconciliationData[[#This Row],[Contract_Price]])),ReconciliationData[[#This Row],[Billed_Price]]<>ReconciliationData[[#This Row],[Contract_Price]]),1,0) -> 0 | T9: =IF(AND(NOT(ISBLANK(ReconciliationData[[#This Row],[End_Date]])),ReconciliationData[[#This Row],[Order_Date]]>ReconciliationData[[#This Row],[End_Date]]),1,0) -> 0 | U9: =IF(AND(NOT(ISBLANK(ReconciliationData[[#This Row],[last_return_date]])),ReconciliationData[[#This Row],[last_return_date]]>ReconciliationData[[#This Row],[Order_Date]]+60),1,0) -> 0 | V9: =IF(ReconciliationData[[#This Row],[total_returned_units]]>ReconciliationData[[#This Row],[ordered_units]],1,0) -> 0 | W9: =IF( OR(ReconciliationData[[#This Row],[missing_invoice]]=1, ReconciliationData[[#This Row],[unit_mismatch]]=1, ReconciliationData[[#This Row],[list_price_mismatch]]=1, ReconciliationData[[#This Row],[contract_price_mismatch]]=1, ReconciliationData[[#This Row],[expired_contract]]=1, ReconciliationData[[#This Row],[late_return]]=1, ReconciliationData[[#This Row],[over_return]]=1), "FAIL","PASS") -> FAIL | X9: =ReconciliationData[[#This Row],[Billed_Units]]*ReconciliationData[[#This Row],[Billed_Price]] -> 86345.21 | Y9: =ReconciliationData[[#This Row],[ordered_units]]*ReconciliationData[[#This Row],[List_Price]] -> 87877.965 | Z9: =ReconciliationData[[#This Row],[billed_revenue]]-ReconciliationData[[#This Row],[expected_revenue]] -> -1532.7552 | AA9: =ReconciliationData[[#This Row],[missing_invoice]]*5 + ReconciliationData[[#This Row],[unit_mismatch]]*3 + ReconciliationData[[#This Row],[list_price_mismatch]]*4 + ReconciliationData[[#This Row],[contract_price_mismatch]]*4 + ReconciliationData[[#This Row],[expired_contract]]*4 + ReconciliationData[[#This Row],[late_return]]*2 + ReconciliationData[[#This Row],[over_return]]*3 + IF(ABS(ReconciliationData[[#This Row],[revenue_variance]])>500,5,0) -> 8 | AB9: =IF(ReconciliationData[[#This Row],[severity_score]]=0,"LOW", IF(ReconciliationData[[#This Row],[severity_score]]<=5,"MEDIUM","HIGH")) -> HIGH | AC9: =TEXT(ReconciliationData[[#This Row],[Order_Date]],"YYYY-MM") -> 2024-03
A10: ORD00009 | B10: 45047 | C10: CUST0180 | D10: PROD268 | E10: 15 | F10: INV00009 | G10: 15 | H10: 365.9533 | N10: 365.9533 | O10: 44824 | P10: =IF(ISBLANK(ReconciliationData[[#This Row],[Invoice_ID]]),1,0) -> 0 | Q10: =IF(AND(NOT(ISBLANK(ReconciliationData[[#This Row],[Billed_Units]])),ReconciliationData[[#This Row],[ordered_units]]<>ReconciliationData[[#This Row],[Billed_Units]]),1,0) -> 0 | R10: =IF(AND(NOT(ISBLANK(ReconciliationData[[#This Row],[Billed_Price]])),NOT(ISBLANK(ReconciliationData[[#This Row],[List_Price]])),ReconciliationData[[#This Row],[Billed_Price]]<>ReconciliationData[[#This Row],[List_Price]]),1,0) -> 0 | S10: =IF(AND(NOT(ISBLANK(ReconciliationData[[#This Row],[Contract_Price]])),ReconciliationData[[#This Row],[Billed_Price]]<>ReconciliationData[[#This Row],[Contract_Price]]),1,0) -> 0 | T10: =IF(AND(NOT(ISBLANK(ReconciliationData[[#This Row],[End_Date]])),ReconciliationData[[#This Row],[Order_Date]]>ReconciliationData[[#This Row],[End_Date]]),1,0) -> 0 | U10: =IF(AND(NOT(ISBLANK(ReconciliationData[[#This Row],[last_return_date]])),ReconciliationData[[#This Row],[last_return_date]]>ReconciliationData[[#This Row],[Order_Date]]+60),1,0) -> 0 | V10: =IF(ReconciliationData[[#This Row],[total_returned_units]]>ReconciliationData[[#This Row],[ordered_units]],1,0) -> 0 | W10: =IF( OR(ReconciliationData[[#This Row],[missing_invoice]]=1, ReconciliationData[[#This Row],[unit_mismatch]]=1, ReconciliationData[[#This Row],[list_price_mismatch]]=1, ReconciliationData[[#This Row],[contract_price_mismatch]]=1, ReconciliationData[[#This Row],[expired_contract]]=1, ReconciliationData[[#This Row],[late_return]]=1, ReconciliationData[[#This Row],[over_return]]=1), "FAIL","PASS") -> PASS | X10: =ReconciliationData[[#This Row],[Billed_Units]]*ReconciliationData[[#This Row],[Billed_Price]] -> 5489.2995 | Y10: =ReconciliationData[[#This Row],[ordered_units]]*ReconciliationData[[#This Row],[List_Price]] -> 5489.2995 | Z10: =ReconciliationData[[#This Row],[billed_revenue]]-ReconciliationData[[#This Row],[expected_revenue]] -> 0 | AA10: =ReconciliationData[[#This Row],[missing_invoice]]*5 + ReconciliationData[[#This Row],[unit_mismatch]]*3 + ReconciliationData[[#This Row],[list_price_mismatch]]*4 + ReconciliationData[[#This Row],[contract_price_mismatch]]*4 + ReconciliationData[[#This Row],[expired_contract]]*4 + ReconciliationData[[#This Row],[late_return]]*2 + ReconciliationData[[#This Row],[over_return]]*3 + IF(ABS(ReconciliationData[[#This Row],[revenue_variance]])>500,5,0) -> 0 | AB10: =IF(ReconciliationData[[#This Row],[severity_score]]=0,"LOW", IF(ReconciliationData[[#This Row],[severity_score]]<=5,"MEDIUM","HIGH")) -> LOW | AC10: =TEXT(ReconciliationData[[#This Row],[Order_Date]],"YYYY-MM") -> 2023-05
A11: ORD00010 | B11: 44945 | C11: CUST0423 | D11: PROD140 | E11: 160 | F11: INV00010 | G11: 160 | H11: 426.3788 | N11: 426.3788 | O11: 44923 | P11: =IF(ISBLANK(ReconciliationData[[#This Row],[Invoice_ID]]),1,0) -> 0 | Q11: =IF(AND(NOT(ISBLANK(ReconciliationData[[#This Row],[Billed_Units]])),ReconciliationData[[#This Row],[ordered_units]]<>ReconciliationData[[#This Row],[Billed_Units]]),1,0) -> 0 | R11: =IF(AND(NOT(ISBLANK(ReconciliationData[[#This Row],[Billed_Price]])),NOT(ISBLANK(ReconciliationData[[#This Row],[List_Price]])),ReconciliationData[[#This Row],[Billed_Price]]<>ReconciliationData[[#This Row],[List_Price]]),1,0) -> 0 | S11: =IF(AND(NOT(ISBLANK(ReconciliationData[[#This Row],[Contract_Price]])),ReconciliationData[[#This Row],[Billed_Price]]<>ReconciliationData[[#This Row],[Contract_Price]]),1,0) -> 0 | T11: =IF(AND(NOT(ISBLANK(ReconciliationData[[#This Row],[End_Date]])),ReconciliationData[[#This Row],[Order_Date]]>ReconciliationData[[#This Row],[End_Date]]),1,0) -> 0 | U11: =IF(AND(NOT(ISBLANK(ReconciliationData[[#This Row],[last_return_date]])),ReconciliationData[[#This Row],[last_return_date]]>ReconciliationData[[#This Row],[Order_Date]]+60),1,0) -> 0 | V11: =IF(ReconciliationData[[#This Row],[total_returned_units]]>ReconciliationData[[#This Row],[ordered_units]],1,0) -> 0 | W11: =IF( OR(ReconciliationData[[#This Row],[missing_invoice]]=1, ReconciliationData[[#This Row],[unit_mismatch]]=1, ReconciliationData[[#This Row],[list_price_mismatch]]=1, ReconciliationData[[#This Row],[contract_price_mismatch]]=1, ReconciliationData[[#This Row],[expired_contract]]=1, ReconciliationData[[#This Row],[late_return]]=1, ReconciliationData[[#This Row],[over_return]]=1), "FAIL","PASS") -> PASS | X11: =ReconciliationData[[#This Row],[Billed_Units]]*ReconciliationData[[#This Row],[Billed_Price]] -> 68220.608 | Y11: =ReconciliationData[[#This Row],[ordered_units]]*ReconciliationData[[#This Row],[List_Price]] -> 68220.608 | Z11: =ReconciliationData[[#This Row],[billed_revenue]]-ReconciliationData[[#This Row],[expected_revenue]] -> 0 | AA11: =ReconciliationData[[#This Row],[missing_invoice]]*5 + ReconciliationData[[#This Row],[unit_mismatch]]*3 + ReconciliationData[[#This Row],[list_price_mismatch]]*4 + ReconciliationData[[#This Row],[contract_price_mismatch]]*4 + ReconciliationData[[#This Row],[expired_contract]]*4 + ReconciliationData[[#This Row],[late_return]]*2 + ReconciliationData[[#This Row],[over_return]]*3 + IF(ABS(ReconciliationData[[#This Row],[revenue_variance]])>500,5,0) -> 0 | AB11: =IF(ReconciliationData[[#This Row],[severity_score]]=0,"LOW", IF(ReconciliationData[[#This Row],[severity_score]]<=5,"MEDIUM","HIGH")) -> LOW | AC11: =TEXT(ReconciliationData[[#This Row],[Order_Date]],"YYYY-MM") -> 2023-01
A12: ORD00011 | B12: 45647 | C12: CUST0498 | D12: PROD215 | E12: 112 | F12: INV00011 | G12: 112 | H12: 461.6928 | N12: 461.6928 | O12: 45031 | P12: =IF(ISBLANK(ReconciliationData[[#This Row],[Invoice_ID]]),1,0) -> 0 | Q12: =IF(AND(NOT(ISBLANK(ReconciliationData[[#This Row],[Billed_Units]])),ReconciliationData[[#This Row],[ordered_units]]<>ReconciliationData[[#This Row],[Billed_Units]]),1,0) -> 0 | R12: =IF(AND(NOT(ISBLANK(ReconciliationData[[#This Row],[Billed_Price]])),NOT(ISBLANK(ReconciliationData[[#This Row],[List_Price]])),ReconciliationData[[#This Row],[Billed_Price]]<>ReconciliationData[[#This Row],[List_Price]]),1,0) -> 0 | S12: =IF(AND(NOT(ISBLANK(ReconciliationData[[#This Row],[Contract_Price]])),ReconciliationData[[#This Row],[Billed_Price]]<>ReconciliationData[[#This Row],[Contract_Price]]),1,0) -> 0 | T12: =IF(AND(NOT(ISBLANK(ReconciliationData[[#This Row],[End_Date]])),ReconciliationData[[#This Row],[Order_Date]]>ReconciliationData[[#This Row],[End_Date]]),1,0) -> 0 | U12: =IF(AND(NOT(ISBLANK(ReconciliationData[[#This Row],[last_return_date]])),ReconciliationData[[#This Row],[last_return_date]]>ReconciliationData[[#This Row],[Order_Date]]+60),1,0) -> 0 | V12: =IF(ReconciliationData[[#This Row],[total_returned_units]]>ReconciliationData[[#This Row],[ordered_units]],1,0) -> 0 | W12: =IF( OR(ReconciliationData[[#This Row],[missing_invoice]]=1, ReconciliationData[[#This Row],[unit_mismatch]]=1, ReconciliationData[[#This Row],[list_price_mismatch]]=1, ReconciliationData[[#This Row],[contract_price_mismatch]]=1, ReconciliationData[[#This Row],[expired_contract]]=1, ReconciliationData[[#This Row],[late_return]]=1, ReconciliationData[[#This Row],[over_return]]=1), "FAIL","PASS") -> PASS | X12: =ReconciliationData[[#This Row],[Billed_Units]]*ReconciliationData[[#This Row],[Billed_Price]] -> 51709.594 | Y12: =ReconciliationData[[#This Row],[ordered_units]]*ReconciliationData[[#This Row],[List_Price]] -> 51709.594 | Z12: =ReconciliationData[[#This Row],[billed_revenue]]-ReconciliationData[[#This Row],[expected_revenue]] -> 0 | AA12: =ReconciliationData[[#This Row],[missing_invoice]]*5 + ReconciliationData[[#This Row],[unit_mismatch]]*3 + ReconciliationData[[#This Row],[list_price_mismatch]]*4 + ReconciliationData[[#This Row],[contract_price_mismatch]]*4 + ReconciliationData[[#This Row],[expired_contract]]*4 + ReconciliationData[[#This Row],[late_return]]*2 + ReconciliationData[[#This Row],[over_return]]*3 + IF(ABS(ReconciliationData[[#This Row],[revenue_variance]])>500,5,0) -> 0 | AB12: =IF(ReconciliationData[[#This Row],[severity_score]]=0,"LOW", IF(ReconciliationData[[#This Row],[severity_score]]<=5,"MEDIUM","HIGH")) -> LOW | AC12: =TEXT(ReconciliationData[[#This Row],[Order_Date]],"YYYY-MM") -> 2024-12
A13: ORD00012 | B13: 45394 | C13: CUST0495 | D13: PROD156 | E13: 43 | F13: INV00012 | G13: 43 | H13: 687.6584 | I13: 13 | J13: 45639 | N13: 687.6584 | O13: 45139 | P13: =IF(ISBLANK(ReconciliationData[[#This Row],[Invoice_ID]]),1,0) -> 0 | Q13: =IF(AND(NOT(ISBLANK(ReconciliationData[[#This Row],[Billed_Units]])),ReconciliationData[[#This Row],[ordered_units]]<>ReconciliationData[[#This Row],[Billed_Units]]),1,0) -> 0 | R13: =IF(AND(NOT(ISBLANK(ReconciliationData[[#This Row],[Billed_Price]])),NOT(ISBLANK(ReconciliationData[[#This Row],[List_Price]])),ReconciliationData[[#This Row],[Billed_Price]]<>ReconciliationData[[#This Row],[List_Price]]),1,0) -> 0 | S13: =IF(AND(NOT(ISBLANK(ReconciliationData[[#This Row],[Contract_Price]])),ReconciliationData[[#This Row],[Billed_Price]]<>ReconciliationData[[#This Row],[Contract_Price]]),1,0) -> 0 | T13: =IF(AND(NOT(ISBLANK(ReconciliationData[[#This Row],[End_Date]])),ReconciliationData[[#This Row],[Order_Date]]>ReconciliationData[[#This Row],[End_Date]]),1,0) -> 0 | U13: =IF(AND(NOT(ISBLANK(ReconciliationData[[#This Row],[last_return_date]])),ReconciliationData[[#This Row],[last_return_date]]>ReconciliationData[[#This Row],[Order_Date]]+60),1,0) -> 1 | V13: =IF(ReconciliationData[[#This Row],[total_returned_units]]>ReconciliationData[[#This Row],[ordered_units]],1,0) -> 0 | W13: =IF( OR(ReconciliationData[[#This Row],[missing_invoice]]=1, ReconciliationData[[#This Row],[unit_mismatch]]=1, ReconciliationData[[#This Row],[list_price_mismatch]]=1, ReconciliationData[[#This Row],[contract_price_mismatch]]=1, ReconciliationData[[#This Row],[expired_contract]]=1, ReconciliationData[[#This Row],[late_return]]=1, ReconciliationData[[#This Row],[over_return]]=1), "FAIL","PASS") -> FAIL | X13: =ReconciliationData[[#This Row],[Billed_Units]]*ReconciliationData[[#This Row],[Billed_Price]] -> 29569.311 | Y13: =ReconciliationData[[#This Row],[ordered_units]]*ReconciliationData[[#This Row],[List_Price]] -> 29569.311 | Z13: =ReconciliationData[[#This Row],[billed_revenue]]-ReconciliationData[[#This Row],[expected_revenue]] -> 0 | AA13: =ReconciliationData[[#This Row],[missing_invoice]]*5 + ReconciliationData[[#This Row],[unit_mismatch]]*3 + ReconciliationData[[#This Row],[list_price_mismatch]]*4 + ReconciliationData[[#This Row],[contract_price_mismatch]]*4 + ReconciliationData[[#This Row],[expired_contract]]*4 + ReconciliationData[[#This Row],[late_return]]*2 + ReconciliationData[[#This Row],[over_return]]*3 + IF(ABS(ReconciliationData[[#This Row],[revenue_variance]])>500,5,0) -> 2 | AB13: =IF(ReconciliationData[[#This Row],[severity_score]]=0,"LOW", IF(ReconciliationData[[#This Row],[severity_score]]<=5,"MEDIUM","HIGH")) -> MEDIUM | AC13: =TEXT(ReconciliationData[[#This Row],[Order_Date]],"YYYY-MM") -> 2024-04
A14: ORD00013 | B14: 45116 | C14: CUST0610 | D14: PROD246 | E14: 178 | F14: INV00013 | G14: 178 | H14: 725.5032 | N14: 725.5032 | O14: 44858 | P14: =IF(ISBLANK(ReconciliationData[[#This Row],[Invoice_ID]]),1,0) -> 0 | Q14: =IF(AND(NOT(ISBLANK(ReconciliationData[[#This Row],[Billed_Units]])),ReconciliationData[[#This Row],[ordered_units]]<>ReconciliationData[[#This Row],[Billed_Units]]),1,0) -> 0 | R14: =IF(AND(NOT(ISBLANK(ReconciliationData[[#This Row],[Billed_Price]])),NOT(ISBLANK(ReconciliationData[[#This Row],[List_Price]])),ReconciliationData[[#This Row],[Billed_Price]]<>ReconciliationData[[#This Row],[List_Price]]),1,0) -> 0 | S14: =IF(AND(NOT(ISBLANK(ReconciliationData[[#This Row],[Contract_Price]])),ReconciliationData[[#This Row],[Billed_Price]]<>ReconciliationData[[#This Row],[Contract_Price]]),1,0) -> 0 | T14: =IF(AND(NOT(ISBLANK(ReconciliationData[[#This Row],[End_Date]])),ReconciliationData[[#This Row],[Order_Date]]>ReconciliationData[[#This Row],[End_Date]]),1,0) -> 0 | U14: =IF(AND(NOT(ISBLANK(ReconciliationData[[#This Row],[last_return_date]])),ReconciliationData[[#This Row],[last_return_date]]>ReconciliationData[[#This Row],[Order_Date]]+60),1,0) -> 0 | V14: =IF(ReconciliationData[[#This Row],[total_returned_units]]>ReconciliationData[[#This Row],[ordered_units]],1,0) -> 0 | W14: =IF( OR(ReconciliationData[[#This Row],[missing_invoice]]=1, ReconciliationData[[#This Row],[unit_mismatch]]=1, ReconciliationData[[#This Row],[list_price_mismatch]]=1, ReconciliationData[[#This Row],[contract_price_mismatch]]=1, ReconciliationData[[#This Row],[expired_contract]]=1, ReconciliationData[[#This Row],[late_return]]=1, ReconciliationData[[#This Row],[over_return]]=1), "FAIL","PASS") -> PASS | X14: =ReconciliationData[[#This Row],[Billed_Units]]*ReconciliationData[[#This Row],[Billed_Price]] -> 129139.57 | Y14: =ReconciliationData[[#This Row],[ordered_units]]*ReconciliationData[[#This Row],[List_Price]] -> 129139.57 | Z14: =ReconciliationData[[#This Row],[billed_revenue]]-ReconciliationData[[#This Row],[expected_revenue]] -> 0 | AA14: =ReconciliationData[[#This Row],[missing_invoice]]*5 + ReconciliationData[[#This Row],[unit_mismatch]]*3 + ReconciliationData[[#This Row],[list_price_mismatch]]*4 + ReconciliationData[[#This Row],[contract_price_mismatch]]*4 + ReconciliationData[[#This Row],[expired_contract]]*4 + ReconciliationData[[#This Row],[late_return]]*2 + ReconciliationData[[#This Row],[over_return]]*3 + IF(ABS(ReconciliationData[[#This Row],[revenue_variance]])>500,5,0) -> 0 | AB14: =IF(ReconciliationData[[#This Row],[severity_score]]=0,"LOW", IF(ReconciliationData[[#This Row],[severity_score]]<=5,"MEDIUM","HIGH")) -> LOW | AC14: =TEXT(ReconciliationData[[#This Row],[Order_Date]],"YYYY-MM") -> 2023-07
A15: ORD00014 | B15: 44971 | C15: CUST0447 | D15: PROD199 | E15: 79 | F15: INV00014 | G15: 79 | H15: 248.2445 | N15: 248.2445 | O15: 44933 | P15: =IF(ISBLANK(ReconciliationData[[#This Row],[Invoice_ID]]),1,0) -> 0 | Q15: =IF(AND(NOT(ISBLANK(ReconciliationData[[#This Row],[Billed_Units]])),ReconciliationData[[#This Row],[ordered_units]]<>ReconciliationData[[#This Row],[Billed_Units]]),1,0) -> 0 | R15: =IF(AND(NOT(ISBLANK(ReconciliationData[[#This Row],[Billed_Price]])),NOT(ISBLANK(ReconciliationData[[#This Row],[List_Price]])),ReconciliationData[[#This Row],[Billed_Price]]<>ReconciliationData[[#This Row],[List_Price]]),1,0) -> 0 | S15: =IF(AND(NOT(ISBLANK(ReconciliationData[[#This Row],[Contract_Price]])),ReconciliationData[[#This Row],[Billed_Price]]<>ReconciliationData[[#This Row],[Contract_Price]]),1,0) -> 0 | T15: =IF(AND(NOT(ISBLANK(ReconciliationData[[#This Row],[End_Date]])),ReconciliationData[[#This Row],[Order_Date]]>ReconciliationData[[#This Row],[End_Date]]),1,0) -> 0 | U15: =IF(AND(NOT(ISBLANK(ReconciliationData[[#This Row],[last_return_date]])),ReconciliationData[[#This Row],[last_return_date]]>ReconciliationData[[#This Row],[Order_Date]]+60),1,0) -> 0 | V15: =IF(ReconciliationData[[#This Row],[total_returned_units]]>ReconciliationData[[#This Row],[ordered_units]],1,0) -> 0 | W15: =IF( OR(ReconciliationData[[#This Row],[missing_invoice]]=1, ReconciliationData[[#This Row],[unit_mismatch]]=1, ReconciliationData[[#This Row],[list_price_mismatch]]=1, ReconciliationData[[#This Row],[contract_price_mismatch]]=1, ReconciliationData[[#This Row],[expired_contract]]=1, ReconciliationData[[#This Row],[late_return]]=1, ReconciliationData[[#This Row],[over_return]]=1), "FAIL","PASS") -> PASS | X15: =ReconciliationData[[#This Row],[Billed_Units]]*ReconciliationData[[#This Row],[Billed_Price]] -> 19611.316 | Y15: =ReconciliationData[[#This Row],[ordered_units]]*ReconciliationData[[#This Row],[List_Price]] -> 19611.316 | Z15: =ReconciliationData[[#This Row],[billed_revenue]]-ReconciliationData[[#This Row],[expected_revenue]] -> 0 | AA15: =ReconciliationData[[#This Row],[missing_invoice]]*5 + ReconciliationData[[#This Row],[unit_mismatch]]*3 + ReconciliationData[[#This Row],[list_price_mismatch]]*4 + ReconciliationData[[#This Row],[contract_price_mismatch]]*4 + ReconciliationData[[#This Row],[expired_contract]]*4 + ReconciliationData[[#This Row],[late_return]]*2 + ReconciliationData[[#This Row],[over_return]]*3 + IF(ABS(ReconciliationData[[#This Row],[revenue_variance]])>500,5,0) -> 0 | AB15: =IF(ReconciliationData[[#This Row],[severity_score]]=0,"LOW", IF(ReconciliationData[[#This Row],[severity_score]]<=5,"MEDIUM","HIGH")) -> LOW | AC15: =TEXT(ReconciliationData[[#This Row],[Order_Date]],"YYYY-MM") -> 2023-02
A16: ORD00015 | B16: 45563 | C16: CUST0133 | D16: PROD115 | E16: 143 | F16: INV00015 | G16: 143 | H16: 265.4496 | N16: 265.4496 | O16: 44999 | P16: =IF(ISBLANK(ReconciliationData[[#This Row],[Invoice_ID]]),1,0) -> 0 | Q16: =IF(AND(NOT(ISBLANK(ReconciliationData[[#This Row],[Billed_Units]])),ReconciliationData[[#This Row],[ordered_units]]<>ReconciliationData[[#This Row],[Billed_Units]]),1,0) -> 0 | R16: =IF(AND(NOT(ISBLANK(ReconciliationData[[#This Row],[Billed_Price]])),NOT(ISBLANK(ReconciliationData[[#This Row],[List_Price]])),ReconciliationData[[#This Row],[Billed_Price]]<>ReconciliationData[[#This Row],[List_Price]]),1,0) -> 0 | S16: =IF(AND(NOT(ISBLANK(ReconciliationData[[#This Row],[Contract_Price]])),ReconciliationData[[#This Row],[Billed_Price]]<>ReconciliationData[[#This Row],[Contract_Price]]),1,0) -> 0 | T16: =IF(AND(NOT(ISBLANK(ReconciliationData[[#This Row],[End_Date]])),ReconciliationData[[#This Row],[Order_Date]]>ReconciliationData[[#This Row],[End_Date]]),1,0) -> 0 | U16: =IF(AND(NOT(ISBLANK(ReconciliationData[[#This Row],[last_return_date]])),ReconciliationData[[#This Row],[last_return_date]]>ReconciliationData[[#This Row],[Order_Date]]+60),1,0) -> 0 | V16: =IF(ReconciliationData[[#This Row],[total_returned_units]]>ReconciliationData[[#This Row],[ordered_units]],1,0) -> 0 | W16: =IF( OR(ReconciliationData[[#This Row],[missing_invoice]]=1, ReconciliationData[[#This Row],[unit_mismatch]]=1, ReconciliationData[[#This Row],[list_price_mismatch]]=1, ReconciliationData[[#This Row],[contract_price_mismatch]]=1, ReconciliationData[[#This Row],[expired_contract]]=1, ReconciliationData[[#This Row],[late_return]]=1, ReconciliationData[[#This Row],[over_return]]=1), "FAIL","PASS") -> PASS | X16: =ReconciliationData[[#This Row],[Billed_Units]]*ReconciliationData[[#This Row],[Billed_Price]] -> 37959.293 | Y16: =ReconciliationData[[#This Row],[ordered_units]]*ReconciliationData[[#This Row],[List_Price]] -> 37959.293 | Z16: =ReconciliationData[[#This Row],[billed_revenue]]-ReconciliationData[[#This Row],[expected_revenue]] -> 0 | AA16: =ReconciliationData[[#This Row],[missing_invoice]]*5 + ReconciliationData[[#This Row],[unit_mismatch]]*3 + ReconciliationData[[#This Row],[list_price_mismatch]]*4 + ReconciliationData[[#This Row],[contract_price_mismatch]]*4 + ReconciliationData[[#This Row],[expired_contract]]*4 + ReconciliationData[[#This Row],[late_return]]*2 + ReconciliationData[[#This Row],[over_return]]*3 + IF(ABS(ReconciliationData[[#This Row],[revenue_variance]])>500,5,0) -> 0 | AB16: =IF(ReconciliationData[[#This Row],[severity_score]]=0,"LOW", IF(ReconciliationData[[#This Row],[severity_score]]<=5,"MEDIUM","HIGH")) -> LOW | AC16: =TEXT(ReconciliationData[[#This Row],[Order_Date]],"YYYY-MM") -> 2024-09
A17: ORD00016 | B17: 45158 | C17: CUST0286 | D17: PROD003 | E17: 83 | F17: INV00016 | G17: 83 | H17: 1039.0536 | N17: 1039.0536 | O17: 45054 | P17: =IF(ISBLANK(ReconciliationData[[#This Row],[Invoice_ID]]),1,0) -> 0 | Q17: =IF(AND(NOT(ISBLANK(ReconciliationData[[#This Row],[Billed_Units]])),ReconciliationData[[#This Row],[ordered_units]]<>ReconciliationData[[#This Row],[Billed_Units]]),1,0) -> 0 | R17: =IF(AND(NOT(ISBLANK(ReconciliationData[[#This Row],[Billed_Price]])),NOT(ISBLANK(ReconciliationData[[#This Row],[List_Price]])),ReconciliationData[[#This Row],[Billed_Price]]<>ReconciliationData[[#This Row],[List_Price]]),1,0) -> 0 | S17: =IF(AND(NOT(ISBLANK(ReconciliationData[[#This Row],[Contract_Price]])),ReconciliationData[[#This Row],[Billed_Price]]<>ReconciliationData[[#This Row],[Contract_Price]]),1,0) -> 0 | T17: =IF(AND(NOT(ISBLANK(ReconciliationData[[#This Row],[End_Date]])),ReconciliationData[[#This Row],[Order_Date]]>ReconciliationData[[#This Row],[End_Date]]),1,0) -> 0 | U17: =IF(AND(NOT(ISBLANK(ReconciliationData[[#This Row],[last_return_date]])),ReconciliationData[[#This Row],[last_return_date]]>ReconciliationData[[#This Row],[Order_Date]]+60),1,0) -> 0 | V17: =IF(ReconciliationData[[#This Row],[total_returned_units]]>ReconciliationData[[#This Row],[ordered_units]],1,0) -> 0 | W17: =IF( OR(ReconciliationData[[#This Row],[missing_invoice]]=1, ReconciliationData[[#This Row],[unit_mismatch]]=1, ReconciliationData[[#This Row],[list_price_mismatch]]=1, ReconciliationData[[#This Row],[contract_price_mismatch]]=1, ReconciliationData[[#This Row],[expired_contract]]=1, ReconciliationData[[#This Row],[late_return]]=1, ReconciliationData[[#This Row],[over_return]]=1), "FAIL","PASS") -> PASS | X17: =ReconciliationData[[#This Row],[Billed_Units]]*ReconciliationData[[#This Row],[Billed_Price]] -> 86241.449 | Y17: =ReconciliationData[[#This Row],[ordered_units]]*ReconciliationData[[#This Row],[List_Price]] -> 86241.449 | Z17: =ReconciliationData[[#This Row],[billed_revenue]]-ReconciliationData[[#This Row],[expected_revenue]] -> 0 | AA17: =ReconciliationData[[#This Row],[missing_invoice]]*5 + ReconciliationData[[#This Row],[unit_mismatch]]*3 + ReconciliationData[[#This Row],[list_price_mismatch]]*4 + ReconciliationData[[#This Row],[contract_price_mismatch]]*4 + ReconciliationData[[#This Row],[expired_contract]]*4 + ReconciliationData[[#This Row],[late_return]]*2 + ReconciliationData[[#This Row],[over_return]]*3 + IF(ABS(ReconciliationData[[#This Row],[revenue_variance]])>500,5,0) -> 0 | AB17: =IF(ReconciliationData[[#This Row],[severity_score]]=0,"LOW", IF(ReconciliationData[[#This Row],[severity_score]]<=5,"MEDIUM","HIGH")) -> LOW | AC17: =TEXT(ReconciliationData[[#This Row],[Order_Date]],"YYYY-MM") -> 2023-08
A18: ORD00017 | B18: 45357 | C18: CUST0304 | D18: PROD057 | E18: 27 | F18: INV00017 | G18: 27 | H18: 78.6961 | N18: 78.6961 | O18: 45083 | P18: =IF(ISBLANK(ReconciliationData[[#This Row],[Invoice_ID]]),1,0) -> 0 | Q18: =IF(AND(NOT(ISBLANK(ReconciliationData[[#This Row],[Billed_Units]])),ReconciliationData[[#This Row],[ordered_units]]<>ReconciliationData[[#This Row],[Billed_Units]]),1,0) -> 0 | R18: =IF(AND(NOT(ISBLANK(ReconciliationData[[#This Row],[Billed_Price]])),NOT(ISBLANK(ReconciliationData[[#This Row],[List_Price]])),ReconciliationData[[#This Row],[Billed_Price]]<>ReconciliationData[[#This Row],[List_Price]]),1,0) -> 0 | S18: =IF(AND(NOT(ISBLANK(ReconciliationData[[#This Row],[Contract_Price]])),ReconciliationData[[#This Row],[Billed_Price]]<>ReconciliationData[[#This Row],[Contract_Price]]),1,0) -> 0 | T18: =IF(AND(NOT(ISBLANK(ReconciliationData[[#This Row],[End_Date]])),ReconciliationData[[#This Row],[Order_Date]]>ReconciliationData[[#This Row],[End_Date]]),1,0) -> 0 | U18: =IF(AND(NOT(ISBLANK(ReconciliationData[[#This Row],[last_return_date]])),ReconciliationData[[#This Row],[last_return_date]]>ReconciliationData[[#This Row],[Order_Date]]+60),1,0) -> 0 | V18: =IF(ReconciliationData[[#This Row],[total_returned_units]]>ReconciliationData[[#This Row],[ordered_units]],1,0) -> 0 | W18: =IF( OR(ReconciliationData[[#This Row],[missing_invoice]]=1, ReconciliationData[[#This Row],[unit_mismatch]]=1, ReconciliationData[[#This Row],[list_price_mismatch]]=1, ReconciliationData[[#This Row],[contract_price_mismatch]]=1, ReconciliationData[[#This Row],[expired_contract]]=1, ReconciliationData[[#This Row],[late_return]]=1, ReconciliationData[[#This Row],[over_return]]=1), "FAIL","PASS") -> PASS | X18: =ReconciliationData[[#This Row],[Billed_Units]]*ReconciliationData[[#This Row],[Billed_Price]] -> 2124.7947 | Y18: =ReconciliationData[[#This Row],[ordered_units]]*ReconciliationData[[#This Row],[List_Price]] -> 2124.7947 | Z18: =ReconciliationData[[#This Row],[billed_revenue]]-ReconciliationData[[#This Row],[expected_revenue]] -> 0 | AA18: =ReconciliationData[[#This Row],[missing_invoice]]*5 + ReconciliationData[[#This Row],[unit_mismatch]]*3 + ReconciliationData[[#This Row],[list_price_mismatch]]*4 + ReconciliationData[[#This Row],[contract_price_mismatch]]*4 + ReconciliationData[[#This Row],[expired_contract]]*4 + ReconciliationData[[#This Row],[late_return]]*2 + ReconciliationData[[#This Row],[over_return]]*3 + IF(ABS(ReconciliationData[[#This Row],[revenue_variance]])>500,5,0) -> 0 | AB18: =IF(ReconciliationData[[#This Row],[severity_score]]=0,"LOW", IF(ReconciliationData[[#This Row],[severity_score]]<=5,"MEDIUM","HIGH")) -> LOW | AC18: =TEXT(ReconciliationData[[#This Row],[Order_Date]],"YYYY-MM") -> 2024-03
A19: ORD00018 | B19: 45419 | C19: CUST0675 | D19: PROD024 | E19: 44 | F19: INV00018 | G19: 44 | H19: 761.504 | N19: 761.504 | O19: 45161 | P19: =IF(ISBLANK(ReconciliationData[[#This Row],[Invoice_ID]]),1,0) -> 0 | Q19: =IF(AND(NOT(ISBLANK(ReconciliationData[[#This Row],[Billed_Units]])),ReconciliationData[[#This Row],[ordered_units]]<>ReconciliationData[[#This Row],[Billed_Units]]),1,0) -> 0 | R19: =IF(AND(NOT(ISBLANK(ReconciliationData[[#This Row],[Billed_Price]])),NOT(ISBLANK(ReconciliationData[[#This Row],[List_Price]])),ReconciliationData[[#This Row],[Billed_Price]]<>ReconciliationData[[#This Row],[List_Price]]),1,0) -> 0 | S19: =IF(AND(NOT(ISBLANK(ReconciliationData[[#This Row],[Contract_Price]])),ReconciliationData[[#This Row],[Billed_Price]]<>ReconciliationData[[#This Row],[Contract_Price]]),1,0) -> 0 | T19: =IF(AND(NOT(ISBLANK(ReconciliationData[[#This Row],[End_Date]])),ReconciliationData[[#This Row],[Order_Date]]>ReconciliationData[[#This Row],[End_Date]]),1,0) -> 0 | U19: =IF(AND(NOT(ISBLANK(ReconciliationData[[#This Row],[last_return_date]])),ReconciliationData[[#This Row],[last_return_date]]>ReconciliationData[[#This Row],[Order_Date]]+60),1,0) -> 0 | V19: =IF(ReconciliationData[[#This Row],[total_returned_units]]>ReconciliationData[[#This Row],[ordered_units]],1,0) -> 0 | W19: =IF( OR(ReconciliationData[[#This Row],[missing_invoice]]=1, ReconciliationData[[#This Row],[unit_mismatch]]=1, ReconciliationData[[#This Row],[list_price_mismatch]]=1, ReconciliationData[[#This Row],[contract_price_mismatch]]=1, ReconciliationData[[#This Row],[expired_contract]]=1, ReconciliationData[[#This Row],[late_return]]=1, ReconciliationData[[#This Row],[over_return]]=1), "FAIL","PASS") -> PASS | X19: =ReconciliationData[[#This Row],[Billed_Units]]*ReconciliationData[[#This Row],[Billed_Price]] -> 33506.176 | Y19: =ReconciliationData[[#This Row],[ordered_units]]*ReconciliationData[[#This Row],[List_Price]] -> 33506.176 | Z19: =ReconciliationData[[#This Row],[billed_revenue]]-ReconciliationData[[#This Row],[expected_revenue]] -> 0 | AA19: =ReconciliationData[[#This Row],[missing_invoice]]*5 + ReconciliationData[[#This Row],[unit_mismatch]]*3 + ReconciliationData[[#This Row],[list_price_mismatch]]*4 + ReconciliationData[[#This Row],[contract_price_mismatch]]*4 + ReconciliationData[[#This Row],[expired_contract]]*4 + ReconciliationData[[#This Row],[late_return]]*2 + ReconciliationData[[#This Row],[over_return]]*3 + IF(ABS(ReconciliationData[[#This Row],[revenue_variance]])>500,5,0) -> 0 | AB19: =IF(ReconciliationData[[#This Row],[severity_score]]=0,"LOW", IF(ReconciliationData[[#This Row],[severity_score]]<=5,"MEDIUM","HIGH")) -> LOW | AC19: =TEXT(ReconciliationData[[#This Row],[Order_Date]],"YYYY-MM") -> 2024-05
A20: ORD00019 | B20: 45078 | C20: CUST0195 | D20: PROD033 | E20: 62 | F20: INV00019 | G20: 62 | H20: 361.578 | N20: 361.578 | O20: 44932 | P20: =IF(ISBLANK(ReconciliationData[[#This Row],[Invoice_ID]]),1,0) -> 0 | Q20: =IF(AND(NOT(ISBLANK(ReconciliationData[[#This Row],[Billed_Units]])),ReconciliationData[[#This Row],[ordered_units]]<>ReconciliationData[[#This Row],[Billed_Units]]),1,0) -> 0 | R20: =IF(AND(NOT(ISBLANK(ReconciliationData[[#This Row],[Billed_Price]])),NOT(ISBLANK(ReconciliationData[[#This Row],[List_Price]])),ReconciliationData[[#This Row],[Billed_Price]]<>ReconciliationData[[#This Row],[List_Price]]),1,0) -> 0 | S20: =IF(AND(NOT(ISBLANK(ReconciliationData[[#This Row],[Contract_Price]])),ReconciliationData[[#This Row],[Billed_Price]]<>ReconciliationData[[#This Row],[Contract_Price]]),1,0) -> 0 | T20: =IF(AND(NOT(ISBLANK(ReconciliationData[[#This Row],[End_Date]])),ReconciliationData[[#This Row],[Order_Date]]>ReconciliationData[[#This Row],[End_Date]]),1,0) -> 0 | U20: =IF(AND(NOT(ISBLANK(ReconciliationData[[#This Row],[last_return_date]])),ReconciliationData[[#This Row],[last_return_date]]>ReconciliationData[[#This Row],[Order_Date]]+60),1,0) -> 0 | V20: =IF(ReconciliationData[[#This Row],[total_returned_units]]>ReconciliationData[[#This Row],[ordered_units]],1,0) -> 0 | W20: =IF( OR(ReconciliationData[[#This Row],[missing_invoice]]=1, ReconciliationData[[#This Row],[unit_mismatch]]=1, ReconciliationData[[#This Row],[list_price_mismatch]]=1, ReconciliationData[[#This Row],[contract_price_mismatch]]=1, ReconciliationData[[#This Row],[expired_contract]]=1, ReconciliationData[[#This Row],[late_return]]=1, ReconciliationData[[#This Row],[over_return]]=1), "FAIL","PASS") -> PASS | X20: =ReconciliationData[[#This Row],[Billed_Units]]*ReconciliationData[[#This Row],[Billed_Price]] -> 22417.836 | Y20: =ReconciliationData[[#This Row],[ordered_units]]*ReconciliationData[[#This Row],[List_Price]] -> 22417.836 | Z20: =ReconciliationData[[#This Row],[billed_revenue]]-ReconciliationData[[#This Row],[expected_revenue]] -> 0 | AA20: =ReconciliationData[[#This Row],[missing_invoice]]*5 + ReconciliationData[[#This Row],[unit_mismatch]]*3 + ReconciliationData[[#This Row],[list_price_mismatch]]*4 + ReconciliationData[[#This Row],[contract_price_mismatch]]*4 + ReconciliationData[[#This Row],[expired_contract]]*4 + ReconciliationData[[#This Row],[late_return]]*2 + ReconciliationData[[#This Row],[over_return]]*3 + IF(ABS(ReconciliationData[[#This Row],[revenue_variance]])>500,5,0) -> 0 | AB20: =IF(ReconciliationData[[#This Row],[severity_score]]=0,"LOW", IF(ReconciliationData[[#This Row],[severity_score]]<=5,"MEDIUM","HIGH")) -> LOW | AC20: =TEXT(ReconciliationData[[#This Row],[Order_Date]],"YYYY-MM") -> 2023-06
A21: ORD00020 | B21: 45322 | C21: CUST0126 | D21: PROD145 | E21: 147 | F21: INV00020 | G21: 147 | H21: 849.4395 | N21: 849.4395 | O21: 45114 | P21: =IF(ISBLANK(ReconciliationData[[#This Row],[Invoice_ID]]),1,0) -> 0 | Q21: =IF(AND(NOT(ISBLANK(ReconciliationData[[#This Row],[Billed_Units]])),ReconciliationData[[#This Row],[ordered_units]]<>ReconciliationData[[#This Row],[Billed_Units]]),1,0) -> 0 | R21: =IF(AND(NOT(ISBLANK(ReconciliationData[[#This Row],[Billed_Price]])),NOT(ISBLANK(ReconciliationData[[#This Row],[List_Price]])),ReconciliationData[[#This Row],[Billed_Price]]<>ReconciliationData[[#This Row],[List_Price]]),1,0) -> 0 | S21: =IF(AND(NOT(ISBLANK(ReconciliationData[[#This Row],[Contract_Price]])),ReconciliationData[[#This Row],[Billed_Price]]<>ReconciliationData[[#This Row],[Contract_Price]]),1,0) -> 0 | T21: =IF(AND(NOT(ISBLANK(ReconciliationData[[#This Row],[End_Date]])),ReconciliationData[[#This Row],[Order_Date]]>ReconciliationData[[#This Row],[End_Date]]),1,0) -> 0 | U21: =IF(AND(NOT(ISBLANK(ReconciliationData[[#This Row],[last_return_date]])),ReconciliationData[[#This Row],[last_return_date]]>ReconciliationData[[#This Row],[Order_Date]]+60),1,0) -> 0 | V21: =IF(ReconciliationData[[#This Row],[total_returned_units]]>ReconciliationData[[#This Row],[ordered_units]],1,0) -> 0 | W21: =IF( OR(ReconciliationData[[#This Row],[missing_invoice]]=1, ReconciliationData[[#This Row],[unit_mismatch]]=1, ReconciliationData[[#This Row],[list_price_mismatch]]=1, ReconciliationData[[#This Row],[contract_price_mismatch]]=1, ReconciliationData[[#This Row],[expired_contract]]=1, ReconciliationData[[#This Row],[late_return]]=1, ReconciliationData[[#This Row],[over_return]]=1), "FAIL","PASS") -> PASS | X21: =ReconciliationData[[#This Row],[Billed_Units]]*ReconciliationData[[#This Row],[Billed_Price]] -> 124867.61 | Y21: =ReconciliationData[[#This Row],[ordered_units]]*ReconciliationData[[#This Row],[List_Price]] -> 124867.61 | Z21: =ReconciliationData[[#This Row],[billed_revenue]]-ReconciliationData[[#This Row],[expected_revenue]] -> 0 | AA21: =ReconciliationData[[#This Row],[missing_invoice]]*5 + ReconciliationData[[#This Row],[unit_mismatch]]*3 + ReconciliationData[[#This Row],[list_price_mismatch]]*4 + ReconciliationData[[#This Row],[contract_price_mismatch]]*4 + ReconciliationData[[#This Row],[expired_contract]]*4 + ReconciliationData[[#This Row],[late_return]]*2 + ReconciliationData[[#This Row],[over_return]]*3 + IF(ABS(ReconciliationData[[#This Row],[revenue_variance]])>500,5,0) -> 0 | AB21: =IF(ReconciliationData[[#This Row],[severity_score]]=0,"LOW", IF(ReconciliationData[[#This Row],[severity_score]]<=5,"MEDIUM","HIGH")) -> LOW | AC21: =TEXT(ReconciliationData[[#This Row],[Order_Date]],"YYYY-MM") -> 2024-01
A22: ORD00021 | B22: 45392 | C22: CUST0423 | D22: PROD005 | E22: 3 | F22: INV00021 | G22: 3 | H22: 833.4165 | N22: 833.4165 | O22: 45194 | P22: =IF(ISBLANK(ReconciliationData[[#This Row],[Invoice_ID]]),1,0) -> 0 | Q22: =IF(AND(NOT(ISBLANK(ReconciliationData[[#This Row],[Billed_Units]])),ReconciliationData[[#This Row],[ordered_units]]<>ReconciliationData[[#This Row],[Billed_Units]]),1,0) -> 0 | R22: =IF(AND(NOT(ISBLANK(ReconciliationData[[#This Row],[Billed_Price]])),NOT(ISBLANK(ReconciliationData[[#This Row],[List_Price]])),ReconciliationData[[#This Row],[Billed_Price]]<>ReconciliationData[[#This Row],[List_Price]]),1,0) -> 0 | S22: =IF(AND(NOT(ISBLANK(ReconciliationData[[#This Row],[Contract_Price]])),ReconciliationData[[#This Row],[Billed_Price]]<>ReconciliationData[[#This Row],[Contract_Price]]),1,0) -> 0 | T22: =IF(AND(NOT(ISBLANK(ReconciliationData[[#This Row],[End_Date]])),ReconciliationData[[#This Row],[Order_Date]]>ReconciliationData[[#This Row],[End_Date]]),1,0) -> 0 | U22: =IF(AND(NOT(ISBLANK(ReconciliationData[[#This Row],[last_return_date]])),ReconciliationData[[#This Row],[last_return_date]]>ReconciliationData[[#This Row],[Order_Date]]+60),1,0) -> 0 | V22: =IF(ReconciliationData[[#This Row],[total_returned_units]]>ReconciliationData[[#This Row],[ordered_units]],1,0) -> 0 | W22: =IF( OR(ReconciliationData[[#This Row],[missing_invoice]]=1, ReconciliationData[[#This Row],[unit_mismatch]]=1, ReconciliationData[[#This Row],[list_price_mismatch]]=1, ReconciliationData[[#This Row],[contract_price_mismatch]]=1, ReconciliationData[[#This Row],[expired_contract]]=1, ReconciliationData[[#This Row],[late_return]]=1, ReconciliationData[[#This Row],[over_return]]=1), "FAIL","PASS") -> PASS | X22: =ReconciliationData[[#This Row],[Billed_Units]]*ReconciliationData[[#This Row],[Billed_Price]] -> 2500.2495 | Y22: =ReconciliationData[[#This Row],[ordered_units]]*ReconciliationData[[#This Row],[List_Price]] -> 2500.2495 | Z22: =ReconciliationData[[#This Row],[billed_revenue]]-ReconciliationData[[#This Row],[expected_revenue]] -> 0 | AA22: =ReconciliationData[[#This Row],[missing_invoice]]*5 + ReconciliationData[[#This Row],[unit_mismatch]]*3 + ReconciliationData[[#This Row],[list_price_mismatch]]*4 + ReconciliationData[[#This Row],[contract_price_mismatch]]*4 + ReconciliationData[[#This Row],[expired_contract]]*4 + ReconciliationData[[#This Row],[late_return]]*2 + ReconciliationData[[#This Row],[over_return]]*3 + IF(ABS(ReconciliationData[[#This Row],[revenue_variance]])>500,5,0) -> 0 | AB22: =IF(ReconciliationData[[#This Row],[severity_score]]=0,"LOW", IF(ReconciliationData[[#This Row],[severity_score]]<=5,"MEDIUM","HIGH")) -> LOW | AC22: =TEXT(ReconciliationData[[#This Row],[Order_Date]],"YYYY-MM") -> 2024-04
A23: ORD00022 | B23: 45469 | C23: CUST0450 | D23: PROD053 | E23: 167 | F23: INV00022 | G23: 167 | H23: 1046.61 | N23: 1046.61 | O23: 44940 | P23: =IF(ISBLANK(ReconciliationData[[#This Row],[Invoice_ID]]),1,0) -> 0 | Q23: =IF(AND(NOT(ISBLANK(ReconciliationData[[#This Row],[Billed_Units]])),ReconciliationData[[#This Row],[ordered_units]]<>ReconciliationData[[#This Row],[Billed_Units]]),1,0) -> 0 | R23: =IF(AND(NOT(ISBLANK(ReconciliationData[[#This Row],[Billed_Price]])),NOT(ISBLANK(ReconciliationData[[#This Row],[List_Price]])),ReconciliationData[[#This Row],[Billed_Price]]<>ReconciliationData[[#This Row],[List_Price]]),1,0) -> 0 | S23: =IF(AND(NOT(ISBLANK(ReconciliationData[[#This Row],[Contract_Price]])),ReconciliationData[[#This Row],[Billed_Price]]<>ReconciliationData[[#This Row],[Contract_Price]]),1,0) -> 0 | T23: =IF(AND(NOT(ISBLANK(ReconciliationData[[#This Row],[End_Date]])),ReconciliationData[[#This Row],[Order_Date]]>ReconciliationData[[#This Row],[End_Date]]),1,0) -> 0 | U23: =IF(AND(NOT(ISBLANK(ReconciliationData[[#This Row],[last_return_date]])),ReconciliationData[[#This Row],[last_return_date]]>ReconciliationData[[#This Row],[Order_Date]]+60),1,0) -> 0 | V23: =IF(ReconciliationData[[#This Row],[total_returned_units]]>ReconciliationData[[#This Row],[ordered_units]],1,0) -> 0 | W23: =IF( OR(ReconciliationData[[#This Row],[missing_invoice]]=1, ReconciliationData[[#This Row],[unit_mismatch]]=1, ReconciliationData[[#This Row],[list_price_mismatch]]=1, ReconciliationData[[#This Row],[contract_price_mismatch]]=1, ReconciliationData[[#This Row],[expired_contract]]=1, ReconciliationData[[#This Row],[late_return]]=1, ReconciliationData[[#This Row],[over_return]]=1), "FAIL","PASS") -> PASS | X23: =ReconciliationData[[#This Row],[Billed_Units]]*ReconciliationData[[#This Row],[Billed_Price]] -> 174783.87 | Y23: =ReconciliationData[[#This Row],[ordered_units]]*ReconciliationData[[#This Row],[List_Price]] -> 174783.87 | Z23: =ReconciliationData[[#This Row],[billed_revenue]]-ReconciliationData[[#This Row],[expected_revenue]] -> 0 | AA23: =ReconciliationData[[#This Row],[missing_invoice]]*5 + ReconciliationData[[#This Row],[unit_mismatch]]*3 + ReconciliationData[[#This Row],[list_price_mismatch]]*4 + ReconciliationData[[#This Row],[contract_price_mismatch]]*4 + ReconciliationData[[#This Row],[expired_contract]]*4 + ReconciliationData[[#This Row],[late_return]]*2 + ReconciliationData[[#This Row],[over_return]]*3 + IF(ABS(ReconciliationData[[#This Row],[revenue_variance]])>500,5,0) -> 0 | AB23: =IF(ReconciliationData[[#This Row],[severity_score]]=0,"LOW", IF(ReconciliationData[[#This Row],[severity_score]]<=5,"MEDIUM","HIGH")) -> LOW | AC23: =TEXT(ReconciliationData[[#This Row],[Order_Date]],"YYYY-MM") -> 2024-06
A24: ORD00023 | B24: 45428 | C24: CUST0458 | D24: PROD268 | E24: 52 | F24: INV00023 | G24: 52 | H24: 376.8232 | I24: 13 | J24: 45200 | N24: 376.8232 | O24: 45171 | P24: =IF(ISBLANK(ReconciliationData[[#This Row],[Invoice_ID]]),1,0) -> 0 | Q24: =IF(AND(NOT(ISBLANK(ReconciliationData[[#This Row],[Billed_Units]])),ReconciliationData[[#This Row],[ordered_units]]<>ReconciliationData[[#This Row],[Billed_Units]]),1,0) -> 0 | R24: =IF(AND(NOT(ISBLANK(ReconciliationData[[#This Row],[Billed_Price]])),NOT(ISBLANK(ReconciliationData[[#This Row],[List_Price]])),ReconciliationData[[#This Row],[Billed_Price]]<>ReconciliationData[[#This Row],[List_Price]]),1,0) -> 0 | S24: =IF(AND(NOT(ISBLANK(ReconciliationData[[#This Row],[Contract_Price]])),ReconciliationData[[#This Row],[Billed_Price]]<>ReconciliationData[[#This Row],[Contract_Price]]),1,0) -> 0 | T24: =IF(AND(NOT(ISBLANK(ReconciliationData[[#This Row],[End_Date]])),ReconciliationData[[#This Row],[Order_Date]]>ReconciliationData[[#This Row],[End_Date]]),1,0) -> 0 | U24: =IF(AND(NOT(ISBLANK(ReconciliationData[[#This Row],[last_return_date]])),ReconciliationData[[#This Row],[last_return_date]]>ReconciliationData[[#This Row],[Order_Date]]+60),1,0) -> 0 | V24: =IF(ReconciliationData[[#This Row],[total_returned_units]]>ReconciliationData[[#This Row],[ordered_units]],1,0) -> 0 | W24: =IF( OR(ReconciliationData[[#This Row],[missing_invoice]]=1, ReconciliationData[[#This Row],[unit_mismatch]]=1, ReconciliationData[[#This Row],[list_price_mismatch]]=1, ReconciliationData[[#This Row],[contract_price_mismatch]]=1, ReconciliationData[[#This Row],[expired_contract]]=1, ReconciliationData[[#This Row],[late_return]]=1, ReconciliationData[[#This Row],[over_return]]=1), "FAIL","PASS") -> PASS | X24: =ReconciliationData[[#This Row],[Billed_Units]]*ReconciliationData[[#This Row],[Billed_Price]] -> 19594.806 | Y24: =ReconciliationData[[#This Row],[ordered_units]]*ReconciliationData[[#This Row],[List_Price]] -> 19594.806 | Z24: =ReconciliationData[[#This Row],[billed_revenue]]-ReconciliationData[[#This Row],[expected_revenue]] -> 0 | AA24: =ReconciliationData[[#This Row],[missing_invoice]]*5 + ReconciliationData[[#This Row],[unit_mismatch]]*3 + ReconciliationData[[#This Row],[list_price_mismatch]]*4 + ReconciliationData[[#This Row],[contract_price_mismatch]]*4 + ReconciliationData[[#This Row],[expired_contract]]*4 + ReconciliationData[[#This Row],[late_return]]*2 + ReconciliationData[[#This Row],[over_return]]*3 + IF(ABS(ReconciliationData[[#This Row],[revenue_variance]])>500,5,0) -> 0 | AB24: =IF(ReconciliationData[[#This Row],[severity_score]]=0,"LOW", IF(ReconciliationData[[#This Row],[severity_score]]<=5,"MEDIUM","HIGH")) -> LOW | AC24: =TEXT(ReconciliationData[[#This Row],[Order_Date]],"YYYY-MM") -> 2024-05
A25: ORD00024 | B25: 45399 | C25: CUST0028 | D25: PROD093 | E25: 83 | F25: INV00024 | G25: 83 | H25: 561.4076 | N25: 561.4076 | O25: 45006 | P25: =IF(ISBLANK(ReconciliationData[[#This Row],[Invoice_ID]]),1,0) -> 0 | Q25: =IF(AND(NOT(ISBLANK(ReconciliationData[[#This Row],[Billed_Units]])),ReconciliationData[[#This Row],[ordered_units]]<>ReconciliationData[[#This Row],[Billed_Units]]),1,0) -> 0 | R25: =IF(AND(NOT(ISBLANK(ReconciliationData[[#This Row],[Billed_Price]])),NOT(ISBLANK(ReconciliationData[[#This Row],[List_Price]])),ReconciliationData[[#This Row],[Billed_Price]]<>ReconciliationData[[#This Row],[List_Price]]),1,0) -> 0 | S25: =IF(AND(NOT(ISBLANK(ReconciliationData[[#This Row],[Contract_Price]])),ReconciliationData[[#This Row],[Billed_Price]]<>ReconciliationData[[#This Row],[Contract_Price]]),1,0) -> 0 | T25: =IF(AND(NOT(ISBLANK(ReconciliationData[[#This Row],[End_Date]])),ReconciliationData[[#This Row],[Order_Date]]>ReconciliationData[[#This Row],[End_Date]]),1,0) -> 0 | U25: =IF(AND(NOT(ISBLANK(ReconciliationData[[#This Row],[last_return_date]])),ReconciliationData[[#This Row],[last_return_date]]>ReconciliationData[[#This Row],[Order_Date]]+60),1,0) -> 0 | V25: =IF(ReconciliationData[[#This Row],[total_returned_units]]>ReconciliationData[[#This Row],[ordered_units]],1,0) -> 0 | W25: =IF( OR(ReconciliationData[[#This Row],[missing_invoice]]=1, ReconciliationData[[#This Row],[unit_mismatch]]=1, ReconciliationData[[#This Row],[list_price_mismatch]]=1, ReconciliationData[[#This Row],[contract_price_mismatch]]=1, ReconciliationData[[#This Row],[expired_contract]]=1, ReconciliationData[[#This Row],[late_return]]=1, ReconciliationData[[#This Row],[over_return]]=1), "FAIL","PASS") -> PASS | X25: =ReconciliationData[[#This Row],[Billed_Units]]*ReconciliationData[[#This Row],[Billed_Price]] -> 46596.831 | Y25: =ReconciliationData[[#This Row],[ordered_units]]*ReconciliationData[[#This Row],[List_Price]] -> 46596.831 | Z25: =ReconciliationData[[#This Row],[billed_revenue]]-ReconciliationData[[#This Row],[expected_revenue]] -> 0 | AA25: =ReconciliationData[[#This Row],[missing_invoice]]*5 + ReconciliationData[[#This Row],[unit_mismatch]]*3 + ReconciliationData[[#This Row],[list_price_mismatch]]*4 + ReconciliationData[[#This Row],[contract_price_mismatch]]*4 + ReconciliationData[[#This Row],[expired_contract]]*4 + ReconciliationData[[#This Row],[late_return]]*2 + ReconciliationData[[#This Row],[over_return]]*3 + IF(ABS(ReconciliationData[[#This Row],[revenue_variance]])>500,5,0) -> 0 | AB25: =IF(ReconciliationData[[#This Row],[severity_score]]=0,"LOW", IF(ReconciliationData[[#This Row],[severity_score]]<=5,"MEDIUM","HIGH")) -> LOW | AC25: =TEXT(ReconciliationData[[#This Row],[Order_Date]],"YYYY-MM") -> 2024-04
A26: ORD00025 | B26: 45151 | C26: CUST0164 | D26: PROD290 | E26: 143 | F26: INV00025 | G26: 143 | H26: 626.6879 | N26: 626.6879 | O26: 45103 | P26: =IF(ISBLANK(ReconciliationData[[#This Row],[Invoice_ID]]),1,0) -> 0 | Q26: =IF(AND(NOT(ISBLANK(ReconciliationData[[#This Row],[Billed_Units]])),ReconciliationData[[#This Row],[ordered_units]]<>ReconciliationData[[#This Row],[Billed_Units]]),1,0) -> 0 | R26: =IF(AND(NOT(ISBLANK(ReconciliationData[[#This Row],[Billed_Price]])),NOT(ISBLANK(ReconciliationData[[#This Row],[List_Price]])),ReconciliationData[[#This Row],[Billed_Price]]<>ReconciliationData[[#This Row],[List_Price]]),1,0) -> 0 | S26: =IF(AND(NOT(ISBLANK(ReconciliationData[[#This Row],[Contract_Price]])),ReconciliationData[[#This Row],[Billed_Price]]<>ReconciliationData[[#This Row],[Contract_Price]]),1,0) -> 0 | T26: =IF(AND(NOT(ISBLANK(ReconciliationData[[#This Row],[End_Date]])),ReconciliationData[[#This Row],[Order_Date]]>ReconciliationData[[#This Row],[End_Date]]),1,0) -> 0 | U26: =IF(AND(NOT(ISBLANK(ReconciliationData[[#This Row],[last_return_date]])),ReconciliationData[[#This Row],[last_return_date]]>ReconciliationData[[#This Row],[Order_Date]]+60),1,0) -> 0 | V26: =IF(ReconciliationData[[#This Row],[total_returned_units]]>ReconciliationData[[#This Row],[ordered_units]],1,0) -> 0 | W26: =IF( OR(ReconciliationData[[#This Row],[missing_invoice]]=1, ReconciliationData[[#This Row],[unit_mismatch]]=1, ReconciliationData[[#This Row],[list_price_mismatch]]=1, ReconciliationData[[#This Row],[contract_price_mismatch]]=1, ReconciliationData[[#This Row],[expired_contract]]=1, ReconciliationData[[#This Row],[late_return]]=1, ReconciliationData[[#This Row],[over_return]]=1), "FAIL","PASS") -> PASS | X26: =ReconciliationData[[#This Row],[Billed_Units]]*ReconciliationData[[#This Row],[Billed_Price]] -> 89616.37 | Y26: =ReconciliationData[[#This Row],[ordered_units]]*ReconciliationData[[#This Row],[List_Price]] -> 89616.37 | Z26: =ReconciliationData[[#This Row],[billed_revenue]]-ReconciliationData[[#This Row],[expected_revenue]] -> 0 | AA26: =ReconciliationData[[#This Row],[missing_invoice]]*5 + ReconciliationData[[#This Row],[unit_mismatch]]*3 + ReconciliationData[[#This Row],[list_price_mismatch]]*4 + ReconciliationData[[#This Row],[contract_price_mismatch]]*4 + ReconciliationData[[#This Row],[expired_contract]]*4 + ReconciliationData[[#This Row],[late_return]]*2 + ReconciliationData[[#This Row],[over_return]]*3 + IF(ABS(ReconciliationData[[#This Row],[revenue_variance]])>500,5,0) -> 0 | AB26: =IF(ReconciliationData[[#This Row],[severity_score]]=0,"LOW", IF(ReconciliationData[[#This Row],[severity_score]]<=5,"MEDIUM","HIGH")) -> LOW | AC26: =TEXT(ReconciliationData[[#This Row],[Order_Date]],"YYYY-MM") -> 2023-08
A27: ORD00026 | B27: 45342 | C27: CUST0108 | D27: PROD013 | E27: 115 | F27: INV00026 | G27: 115 | H27: 77.3982 | N27: 77.3982 | O27: 45032 | P27: =IF(ISBLANK(ReconciliationData[[#This Row],[Invoice_ID]]),1,0) -> 0 | Q27: =IF(AND(NOT(ISBLANK(ReconciliationData[[#This Row],[Billed_Units]])),ReconciliationData[[#This Row],[ordered_units]]<>ReconciliationData[[#This Row],[Billed_Units]]),1,0) -> 0 | R27: =IF(AND(NOT(ISBLANK(ReconciliationData[[#This Row],[Billed_Price]])),NOT(ISBLANK(ReconciliationData[[#This Row],[List_Price]])),ReconciliationData[[#This Row],[Billed_Price]]<>ReconciliationData[[#This Row],[List_Price]]),1,0) -> 0 | S27: =IF(AND(NOT(ISBLANK(ReconciliationData[[#This Row],[Contract_Price]])),ReconciliationData[[#This Row],[Billed_Price]]<>ReconciliationData[[#This Row],[Contract_Price]]),1,0) -> 0 | T27: =IF(AND(NOT(ISBLANK(ReconciliationData[[#This Row],[End_Date]])),ReconciliationData[[#This Row],[Order_Date]]>ReconciliationData[[#This Row],[End_Date]]),1,0) -> 0 | U27: =IF(AND(NOT(ISBLANK(ReconciliationData[[#This Row],[last_return_date]])),ReconciliationData[[#This Row],[last_return_date]]>ReconciliationData[[#This Row],[Order_Date]]+60),1,0) -> 0 | V27: =IF(ReconciliationData[[#This Row],[total_returned_units]]>ReconciliationData[[#This Row],[ordered_units]],1,0) -> 0 | W27: =IF( OR(ReconciliationData[[#This Row],[missing_invoice]]=1, ReconciliationData[[#This Row],[unit_mismatch]]=1, ReconciliationData[[#This Row],[list_price_mismatch]]=1, ReconciliationData[[#This Row],[contract_price_mismatch]]=1, ReconciliationData[[#This Row],[expired_contract]]=1, ReconciliationData[[#This Row],[late_return]]=1, ReconciliationData[[#This Row],[over_return]]=1), "FAIL","PASS") -> PASS | X27: =ReconciliationData[[#This Row],[Billed_Units]]*ReconciliationData[[#This Row],[Billed_Price]] -> 8900.793 | Y27: =ReconciliationData[[#This Row],[ordered_units]]*ReconciliationData[[#This Row],[List_Price]] -> 8900.793 | Z27: =ReconciliationData[[#This Row],[billed_revenue]]-ReconciliationData[[#This Row],[expected_revenue]] -> 0 | AA27: =ReconciliationData[[#This Row],[missing_invoice]]*5 + ReconciliationData[[#This Row],[unit_mismatch]]*3 + ReconciliationData[[#This Row],[list_price_mismatch]]*4 + ReconciliationData[[#This Row],[contract_price_mismatch]]*4 + ReconciliationData[[#This Row],[expired_contract]]*4 + ReconciliationData[[#This Row],[late_return]]*2 + ReconciliationData[[#This Row],[over_return]]*3 + IF(ABS(ReconciliationData[[#This Row],[revenue_variance]])>500,5,0) -> 0 | AB27: =IF(ReconciliationData[[#This Row],[severity_score]]=0,"LOW", IF(ReconciliationData[[#This Row],[severity_score]]<=5,"MEDIUM","HIGH")) -> LOW | AC27: =TEXT(ReconciliationData[[#This Row],[Order_Date]],"YYYY-MM") -> 2024-02
A28: ORD00027 | B28: 44998 | C28: CUST0332 | D28: PROD054 | E28: 136 | F28: INV00027 | G28: 136 | H28: 421.9275 | N28: 421.9275 | O28: 44969 | P28: =IF(ISBLANK(ReconciliationData[[#This Row],[Invoice_ID]]),1,0) -> 0 | Q28: =IF(AND(NOT(ISBLANK(ReconciliationData[[#This Row],[Billed_Units]])),ReconciliationData[[#This Row],[ordered_units]]<>ReconciliationData[[#This Row],[Billed_Units]]),1,0) -> 0 | R28: =IF(AND(NOT(ISBLANK(ReconciliationData[[#This Row],[Billed_Price]])),NOT(ISBLANK(ReconciliationData[[#This Row],[List_Price]])),ReconciliationData[[#This Row],[Billed_Price]]<>ReconciliationData[[#This Row],[List_Price]]),1,0) -> 0 | S28: =IF(AND(NOT(ISBLANK(ReconciliationData[[#This Row],[Contract_Price]])),ReconciliationData[[#This Row],[Billed_Price]]<>ReconciliationData[[#This Row],[Contract_Price]]),1,0) -> 0 | T28: =IF(AND(NOT(ISBLANK(ReconciliationData[[#This Row],[End_Date]])),ReconciliationData[[#This Row],[Order_Date]]>ReconciliationData[[#This Row],[End_Date]]),1,0) -> 0 | U28: =IF(AND(NOT(ISBLANK(ReconciliationData[[#This Row],[last_return_date]])),ReconciliationData[[#This Row],[last_return_date]]>ReconciliationData[[#This Row],[Order_Date]]+60),1,0) -> 0 | V28: =IF(ReconciliationData[[#This Row],[total_returned_units]]>ReconciliationData[[#This Row],[ordered_units]],1,0) -> 0 | W28: =IF( OR(ReconciliationData[[#This Row],[missing_invoice]]=1, ReconciliationData[[#This Row],[unit_mismatch]]=1, ReconciliationData[[#This Row],[list_price_mismatch]]=1, ReconciliationData[[#This Row],[contract_price_mismatch]]=1, ReconciliationData[[#This Row],[expired_contract]]=1, ReconciliationData[[#This Row],[late_return]]=1, ReconciliationData[[#This Row],[over_return]]=1), "FAIL","PASS") -> PASS | X28: =ReconciliationData[[#This Row],[Billed_Units]]*ReconciliationData[[#This Row],[Billed_Price]] -> 57382.14 | Y28: =ReconciliationData[[#This Row],[ordered_units]]*ReconciliationData[[#This Row],[List_Price]] -> 57382.14 | Z28: =ReconciliationData[[#This Row],[billed_revenue]]-ReconciliationData[[#This Row],[expected_revenue]] -> 0 | AA28: =ReconciliationData[[#This Row],[missing_invoice]]*5 + ReconciliationData[[#This Row],[unit_mismatch]]*3 + ReconciliationData[[#This Row],[list_price_mismatch]]*4 + ReconciliationData[[#This Row],[contract_price_mismatch]]*4 + ReconciliationData[[#This Row],[expired_contract]]*4 + ReconciliationData[[#This Row],[late_return]]*2 + ReconciliationData[[#This Row],[over_return]]*3 + IF(ABS(ReconciliationData[[#This Row],[revenue_variance]])>500,5,0) -> 0 | AB28: =IF(ReconciliationData[[#This Row],[severity_score]]=0,"LOW", IF(ReconciliationData[[#This Row],[severity_score]]<=5,"MEDIUM","HIGH")) -> LOW | AC28: =TEXT(ReconciliationData[[#This Row],[Order_Date]],"YYYY-MM") -> 2023-03
A29: ORD00028 | B29: 45576 | C29: CUST0655 | D29: PROD219 | E29: 80 | F29: INV00028 | G29: 80 | H29: 1218.568 | N29: 1218.568 | O29: 45061 | P29: =IF(ISBLANK(ReconciliationData[[#This Row],[Invoice_ID]]),1,0) -> 0 | Q29: =IF(AND(NOT(ISBLANK(ReconciliationData[[#This Row],[Billed_Units]])),ReconciliationData[[#This Row],[ordered_units]]<>ReconciliationData[[#This Row],[Billed_Units]]),1,0) -> 0 | R29: =IF(AND(NOT(ISBLANK(ReconciliationData[[#This Row],[Billed_Price]])),NOT(ISBLANK(ReconciliationData[[#This Row],[List_Price]])),ReconciliationData[[#This Row],[Billed_Price]]<>ReconciliationData[[#This Row],[List_Price]]),1,0) -> 0 | S29: =IF(AND(NOT(ISBLANK(ReconciliationData[[#This Row],[Contract_Price]])),ReconciliationData[[#This Row],[Billed_Price]]<>ReconciliationData[[#This Row],[Contract_Price]]),1,0) -> 0 | T29: =IF(AND(NOT(ISBLANK(ReconciliationData[[#This Row],[End_Date]])),ReconciliationData[[#This Row],[Order_Date]]>ReconciliationData[[#This Row],[End_Date]]),1,0) -> 0 | U29: =IF(AND(NOT(ISBLANK(ReconciliationData[[#This Row],[last_return_date]])),ReconciliationData[[#This Row],[last_return_date]]>ReconciliationData[[#This Row],[Order_Date]]+60),1,0) -> 0 | V29: =IF(ReconciliationData[[#This Row],[total_returned_units]]>ReconciliationData[[#This Row],[ordered_units]],1,0) -> 0 | W29: =IF( OR(ReconciliationData[[#This Row],[missing_invoice]]=1, ReconciliationData[[#This Row],[unit_mismatch]]=1, ReconciliationData[[#This Row],[list_price_mismatch]]=1, ReconciliationData[[#This Row],[contract_price_mismatch]]=1, ReconciliationData[[#This Row],[expired_contract]]=1, ReconciliationData[[#This Row],[late_return]]=1, ReconciliationData[[#This Row],[over_return]]=1), "FAIL","PASS") -> PASS | X29: =ReconciliationData[[#This Row],[Billed_Units]]*ReconciliationData[[#This Row],[Billed_Price]] -> 97485.44 | Y29: =ReconciliationData[[#This Row],[ordered_units]]*ReconciliationData[[#This Row],[List_Price]] -> 97485.44 | Z29: =ReconciliationData[[#This Row],[billed_revenue]]-ReconciliationData[[#This Row],[expected_revenue]] -> 0 | AA29: =ReconciliationData[[#This Row],[missing_invoice]]*5 + ReconciliationData[[#This Row],[unit_mismatch]]*3 + ReconciliationData[[#This Row],[list_price_mismatch]]*4 + ReconciliationData[[#This Row],[contract_price_mismatch]]*4 + ReconciliationData[[#This Row],[expired_contract]]*4 + ReconciliationData[[#This Row],[late_return]]*2 + ReconciliationData[[#This Row],[over_return]]*3 + IF(ABS(ReconciliationData[[#This Row],[revenue_variance]])>500,5,0) -> 0 | AB29: =IF(ReconciliationData[[#This Row],[severity_score]]=0,"LOW", IF(ReconciliationData[[#This Row],[severity_score]]<=5,"MEDIUM","HIGH")) -> LOW | AC29: =TEXT(ReconciliationData[[#This Row],[Order_Date]],"YYYY-MM") -> 2024-10
A30: ORD00029 | B30: 45594 | C30: CUST0581 | D30: PROD285 | E30: 63 | F30: INV00029 | G30: 63 | H30: 129.1752 | N30: 129.1752 | O30: 45184 | P30: =IF(ISBLANK(ReconciliationData[[#This Row],[Invoice_ID]]),1,0) -> 0 | Q30: =IF(AND(NOT(ISBLANK(ReconciliationData[[#This Row],[Billed_Units]])),ReconciliationData[[#This Row],[ordered_units]]<>ReconciliationData[[#This Row],[Billed_Units]]),1,0) -> 0 | R30: =IF(AND(NOT(ISBLANK(ReconciliationData[[#This Row],[Billed_Price]])),NOT(ISBLANK(ReconciliationData[[#This Row],[List_Price]])),ReconciliationData[[#This Row],[Billed_Price]]<>ReconciliationData[[#This Row],[List_Price]]),1,0) -> 0 | S30: =IF(AND(NOT(ISBLANK(ReconciliationData[[#This Row],[Contract_Price]])),ReconciliationData[[#This Row],[Billed_Price]]<>ReconciliationData[[#This Row],[Contract_Price]]),1,0) -> 0 | T30: =IF(AND(NOT(ISBLANK(ReconciliationData[[#This Row],[End_Date]])),ReconciliationData[[#This Row],[Order_Date]]>ReconciliationData[[#This Row],[End_Date]]),1,0) -> 0 | U30: =IF(AND(NOT(ISBLANK(ReconciliationData[[#This Row],[last_return_date]])),ReconciliationData[[#This Row],[last_return_date]]>ReconciliationData[[#This Row],[Order_Date]]+60),1,0) -> 0 | V30: =IF(ReconciliationData[[#This Row],[total_returned_units]]>ReconciliationData[[#This Row],[ordered_units]],1,0) -> 0 | W30: =IF( OR(ReconciliationData[[#This Row],[missing_invoice]]=1, ReconciliationData[[#This Row],[unit_mismatch]]=1, ReconciliationData[[#This Row],[list_price_mismatch]]=1, ReconciliationData[[#This Row],[contract_price_mismatch]]=1, ReconciliationData[[#This Row],[expired_contract]]=1, ReconciliationData[[#This Row],[late_return]]=1, ReconciliationData[[#This Row],[over_return]]=1), "FAIL","PASS") -> PASS | X30: =ReconciliationData[[#This Row],[Billed_Units]]*ReconciliationData[[#This Row],[Billed_Price]] -> 8138.0376 | Y30: =ReconciliationData[[#This Row],[ordered_units]]*ReconciliationData[[#This Row],[List_Price]] -> 8138.0376 | Z30: =ReconciliationData[[#This Row],[billed_revenue]]-ReconciliationData[[#This Row],[expected_revenue]] -> 0 | AA30: =ReconciliationData[[#This Row],[missing_invoice]]*5 + ReconciliationData[[#This Row],[unit_mismatch]]*3 + ReconciliationData[[#This Row],[list_price_mismatch]]*4 + ReconciliationData[[#This Row],[contract_price_mismatch]]*4 + ReconciliationData[[#This Row],[expired_contract]]*4 + ReconciliationData[[#This Row],[late_return]]*2 + ReconciliationData[[#This Row],[over_return]]*3 + IF(ABS(ReconciliationData[[#This Row],[revenue_variance]])>500,5,0) -> 0 | AB30: =IF(ReconciliationData[[#This Row],[severity_score]]=0,"LOW", IF(ReconciliationData[[#This Row],[severity_score]]<=5,"MEDIUM","HIGH")) -> LOW | AC30: =TEXT(ReconciliationData[[#This Row],[Order_Date]],"YYYY-MM") -> 2024-10
A31: ORD00030 | B31: 45009 | C31: CUST0292 | D31: PROD251 | E31: 14 | F31: INV00030 | G31: 14 | H31: 723.1 | N31: 723.1 | O31: 44970 | P31: =IF(ISBLANK(ReconciliationData[[#This Row],[Invoice_ID]]),1,0) -> 0 | Q31: =IF(AND(NOT(ISBLANK(ReconciliationData[[#This Row],[Billed_Units]])),ReconciliationData[[#This Row],[ordered_units]]<>ReconciliationData[[#This Row],[Billed_Units]]),1,0) -> 0 | R31: =IF(AND(NOT(ISBLANK(ReconciliationData[[#This Row],[Billed_Price]])),NOT(ISBLANK(ReconciliationData[[#This Row],[List_Price]])),ReconciliationData[[#This Row],[Billed_Price]]<>ReconciliationData[[#This Row],[List_Price]]),1,0) -> 0 | S31: =IF(AND(NOT(ISBLANK(ReconciliationData[[#This Row],[Contract_Price]])),ReconciliationData[[#This Row],[Billed_Price]]<>ReconciliationData[[#This Row],[Contract_Price]]),1,0) -> 0 | T31: =IF(AND(NOT(ISBLANK(ReconciliationData[[#This Row],[End_Date]])),ReconciliationData[[#This Row],[Order_Date]]>ReconciliationData[[#This Row],[End_Date]]),1,0) -> 0 | U31: =IF(AND(NOT(ISBLANK(ReconciliationData[[#This Row],[last_return_date]])),ReconciliationData[[#This Row],[last_return_date]]>ReconciliationData[[#This Row],[Order_Date]]+60),1,0) -> 0 | V31: =IF(ReconciliationData[[#This Row],[total_returned_units]]>ReconciliationData[[#This Row],[ordered_units]],1,0) -> 0 | W31: =IF( OR(ReconciliationData[[#This Row],[missing_invoice]]=1, ReconciliationData[[#This Row],[unit_mismatch]]=1, ReconciliationData[[#This Row],[list_price_mismatch]]=1, ReconciliationData[[#This Row],[contract_price_mismatch]]=1, ReconciliationData[[#This Row],[expired_contract]]=1, ReconciliationData[[#This Row],[late_return]]=1, ReconciliationData[[#This Row],[over_return]]=1), "FAIL","PASS") -> PASS | X31: =ReconciliationData[[#This Row],[Billed_Units]]*ReconciliationData[[#This Row],[Billed_Price]] -> 10123.4 | Y31: =ReconciliationData[[#This Row],[ordered_units]]*ReconciliationData[[#This Row],[List_Price]] -> 10123.4 | Z31: =ReconciliationData[[#This Row],[billed_revenue]]-ReconciliationData[[#This Row],[expected_revenue]] -> 0 | AA31: =ReconciliationData[[#This Row],[missing_invoice]]*5 + ReconciliationData[[#This Row],[unit_mismatch]]*3 + ReconciliationData[[#This Row],[list_price_mismatch]]*4 + ReconciliationData[[#This Row],[contract_price_mismatch]]*4 + ReconciliationData[[#This Row],[expired_contract]]*4 + ReconciliationData[[#This Row],[late_return]]*2 + ReconciliationData[[#This Row],[over_return]]*3 + IF(ABS(ReconciliationData[[#This Row],[revenue_variance]])>500,5,0) -> 0 | AB31: =IF(ReconciliationData[[#This Row],[severity_score]]=0,"LOW", IF(ReconciliationData[[#This Row],[severity_score]]<=5,"MEDIUM","HIGH")) -> LOW | AC31: =TEXT(ReconciliationData[[#This Row],[Order_Date]],"YYYY-MM") -> 2023-03
A32: ORD00031 | B32: 45180 | C32: CUST0605 | D32: PROD177 | E32: 3 | F32: INV00031 | G32: 3 | H32: 957.657 | I32: 8 | J32: 45713 | N32: 957.657 | O32: 45057 | P32: =IF(ISBLANK(ReconciliationData[[#This Row],[Invoice_ID]]),1,0) -> 0 | Q32: =IF(AND(NOT(ISBLANK(ReconciliationData[[#This Row],[Billed_Units]])),ReconciliationData[[#This Row],[ordered_units]]<>ReconciliationData[[#This Row],[Billed_Units]]),1,0) -> 0 | R32: =IF(AND(NOT(ISBLANK(ReconciliationData[[#This Row],[Billed_Price]])),NOT(ISBLANK(ReconciliationData[[#This Row],[List_Price]])),ReconciliationData[[#This Row],[Billed_Price]]<>ReconciliationData[[#This Row],[List_Price]]),1,0) -> 0 | S32: =IF(AND(NOT(ISBLANK(ReconciliationData[[#This Row],[Contract_Price]])),ReconciliationData[[#This Row],[Billed_Price]]<>ReconciliationData[[#This Row],[Contract_Price]]),1,0) -> 0 | T32: =IF(AND(NOT(ISBLANK(ReconciliationData[[#This Row],[End_Date]])),ReconciliationData[[#This Row],[Order_Date]]>ReconciliationData[[#This Row],[End_Date]]),1,0) -> 0 | U32: =IF(AND(NOT(ISBLANK(ReconciliationData[[#This Row],[last_return_date]])),ReconciliationData[[#This Row],[last_return_date]]>ReconciliationData[[#This Row],[Order_Date]]+60),1,0) -> 1 | V32: =IF(ReconciliationData[[#This Row],[total_returned_units]]>ReconciliationData[[#This Row],[ordered_units]],1,0) -> 1 | W32: =IF( OR(ReconciliationData[[#This Row],[missing_invoice]]=1, ReconciliationData[[#This Row],[unit_mismatch]]=1, ReconciliationData[[#This Row],[list_price_mismatch]]=1, ReconciliationData[[#This Row],[contract_price_mismatch]]=1, ReconciliationData[[#This Row],[expired_contract]]=1, ReconciliationData[[#This Row],[late_return]]=1, ReconciliationData[[#This Row],[over_return]]=1), "FAIL","PASS") -> FAIL | X32: =ReconciliationData[[#This Row],[Billed_Units]]*ReconciliationData[[#This Row],[Billed_Price]] -> 2872.971 | Y32: =ReconciliationData[[#This Row],[ordered_units]]*ReconciliationData[[#This Row],[List_Price]] -> 2872.971 | Z32: =ReconciliationData[[#This Row],[billed_revenue]]-ReconciliationData[[#This Row],[expected_revenue]] -> 0 | AA32: =ReconciliationData[[#This Row],[missing_invoice]]*5 + ReconciliationData[[#This Row],[unit_mismatch]]*3 + ReconciliationData[[#This Row],[list_price_mismatch]]*4 + ReconciliationData[[#This Row],[contract_price_mismatch]]*4 + ReconciliationData[[#This Row],[expired_contract]]*4 + ReconciliationData[[#This Row],[late_return]]*2 + ReconciliationData[[#This Row],[over_return]]*3 + IF(ABS(ReconciliationData[[#This Row],[revenue_variance]])>500,5,0) -> 5 | AB32: =IF(ReconciliationData[[#This Row],[severity_score]]=0,"LOW", IF(ReconciliationData[[#This Row],[severity_score]]<=5,"MEDIUM","HIGH")) -> MEDIUM | AC32: =TEXT(ReconciliationData[[#This Row],[Order_Date]],"YYYY-MM") -> 2023-09
A33: ORD00032 | B33: 45047 | C33: CUST0226 | D33: PROD223 | E33: 54 | F33: INV00032 | G33: 54 | H33: 1040.9124 | N33: 1040.61 | O33: 44682 | P33: =IF(ISBLANK(ReconciliationData[[#This Row],[Invoice_ID]]),1,0) -> 0 | Q33: =IF(AND(NOT(ISBLANK(ReconciliationData[[#This Row],[Billed_Units]])),ReconciliationData[[#This Row],[ordered_units]]<>ReconciliationData[[#This Row],[Billed_Units]]),1,0) -> 0 | R33: =IF(AND(NOT(ISBLANK(ReconciliationData[[#This Row],[Billed_Price]])),NOT(ISBLANK(ReconciliationData[[#This Row],[List_Price]])),ReconciliationData[[#This Row],[Billed_Price]]<>ReconciliationData[[#This Row],[List_Price]]),1,0) -> 1 | S33: =IF(AND(NOT(ISBLANK(ReconciliationData[[#This Row],[Contract_Price]])),ReconciliationData[[#This Row],[Billed_Price]]<>ReconciliationData[[#This Row],[Contract_Price]]),1,0) -> 0 | T33: =IF(AND(NOT(ISBLANK(ReconciliationData[[#This Row],[End_Date]])),ReconciliationData[[#This Row],[Order_Date]]>ReconciliationData[[#This Row],[End_Date]]),1,0) -> 0 | U33: =IF(AND(NOT(ISBLANK(ReconciliationData[[#This Row],[last_return_date]])),ReconciliationData[[#This Row],[last_return_date]]>ReconciliationData[[#This Row],[Order_Date]]+60),1,0) -> 0 | V33: =IF(ReconciliationData[[#This Row],[total_returned_units]]>ReconciliationData[[#This Row],[ordered_units]],1,0) -> 0 | W33: =IF( OR(ReconciliationData[[#This Row],[missing_invoice]]=1, ReconciliationData[[#This Row],[unit_mismatch]]=1, ReconciliationData[[#This Row],[list_price_mismatch]]=1, ReconciliationData[[#This Row],[contract_price_mismatch]]=1, ReconciliationData[[#This Row],[expired_contract]]=1, ReconciliationData[[#This Row],[late_return]]=1, ReconciliationData[[#This Row],[over_return]]=1), "FAIL","PASS") -> FAIL | X33: =ReconciliationData[[#This Row],[Billed_Units]]*ReconciliationData[[#This Row],[Billed_Price]] -> 56209.271 | Y33: =ReconciliationData[[#This Row],[ordered_units]]*ReconciliationData[[#This Row],[List_Price]] -> 56192.94 | Z33: =ReconciliationData[[#This Row],[billed_revenue]]-ReconciliationData[[#This Row],[expected_revenue]] -> 16.330802 | AA33: =ReconciliationData[[#This Row],[missing_invoice]]*5 + ReconciliationData[[#This Row],[unit_mismatch]]*3 + ReconciliationData[[#This Row],[list_price_mismatch]]*4 + ReconciliationData[[#This Row],[contract_price_mismatch]]*4 + ReconciliationData[[#This Row],[expired_contract]]*4 + ReconciliationData[[#This Row],[late_return]]*2 + ReconciliationData[[#This Row],[over_return]]*3 + IF(ABS(ReconciliationData[[#This Row],[revenue_variance]])>500,5,0) -> 4 | AB33: =IF(ReconciliationData[[#This Row],[severity_score]]=0,"LOW", IF(ReconciliationData[[#This Row],[severity_score]]<=5,"MEDIUM","HIGH")) -> MEDIUM | AC33: =TEXT(ReconciliationData[[#This Row],[Order_Date]],"YYYY-MM") -> 2023-05
A34: ORD00033 | B34: 45224 | C34: CUST0754 | D34: PROD198 | E34: 57 | F34: INV00033 | G34: 57 | H34: 360.6848 | N34: 360.6848 | O34: 45072 | P34: =IF(ISBLANK(ReconciliationData[[#This Row],[Invoice_ID]]),1,0) -> 0 | Q34: =IF(AND(NOT(ISBLANK(ReconciliationData[[#This Row],[Billed_Units]])),ReconciliationData[[#This Row],[ordered_units]]<>ReconciliationData[[#This Row],[Billed_Units]]),1,0) -> 0 | R34: =IF(AND(NOT(ISBLANK(ReconciliationData[[#This Row],[Billed_Price]])),NOT(ISBLANK(ReconciliationData[[#This Row],[List_Price]])),ReconciliationData[[#This Row],[Billed_Price]]<>ReconciliationData[[#This Row],[List_Price]]),1,0) -> 0 | S34: =IF(AND(NOT(ISBLANK(ReconciliationData[[#This Row],[Contract_Price]])),ReconciliationData[[#This Row],[Billed_Price]]<>ReconciliationData[[#This Row],[Contract_Price]]),1,0) -> 0 | T34: =IF(AND(NOT(ISBLANK(ReconciliationData[[#This Row],[End_Date]])),ReconciliationData[[#This Row],[Order_Date]]>ReconciliationData[[#This Row],[End_Date]]),1,0) -> 0 | U34: =IF(AND(NOT(ISBLANK(ReconciliationData[[#This Row],[last_return_date]])),ReconciliationData[[#This Row],[last_return_date]]>ReconciliationData[[#This Row],[Order_Date]]+60),1,0) -> 0 | V34: =IF(ReconciliationData[[#This Row],[total_returned_units]]>ReconciliationData[[#This Row],[ordered_units]],1,0) -> 0 | W34: =IF( OR(ReconciliationData[[#This Row],[missing_invoice]]=1, ReconciliationData[[#This Row],[unit_mismatch]]=1, ReconciliationData[[#This Row],[list_price_mismatch]]=1, ReconciliationData[[#This Row],[contract_price_mismatch]]=1, ReconciliationData[[#This Row],[expired_contract]]=1, ReconciliationData[[#This Row],[late_return]]=1, ReconciliationData[[#This Row],[over_return]]=1), "FAIL","PASS") -> PASS | X34: =ReconciliationData[[#This Row],[Billed_Units]]*ReconciliationData[[#This Row],[Billed_Price]] -> 20559.034 | Y34: =ReconciliationData[[#This Row],[ordered_units]]*ReconciliationData[[#This Row],[List_Price]] -> 20559.034 | Z34: =ReconciliationData[[#This Row],[billed_revenue]]-ReconciliationData[[#This Row],[expected_revenue]] -> 0 | AA34: =ReconciliationData[[#This Row],[missing_invoice]]*5 + ReconciliationData[[#This Row],[unit_mismatch]]*3 + ReconciliationData[[#This Row],[list_price_mismatch]]*4 + ReconciliationData[[#This Row],[contract_price_mismatch]]*4 + ReconciliationData[[#This Row],[expired_contract]]*4 + ReconciliationData[[#This Row],[late_return]]*2 + ReconciliationData[[#This Row],[over_return]]*3 + IF(ABS(ReconciliationData[[#This Row],[revenue_variance]])>500,5,0) -> 0 | AB34: =IF(ReconciliationData[[#This Row],[severity_score]]=0,"LOW", IF(ReconciliationData[[#This Row],[severity_score]]<=5,"MEDIUM","HIGH")) -> LOW | AC34: =TEXT(ReconciliationData[[#This Row],[Order_Date]],"YYYY-MM") -> 2023-10
A35: ORD00034 | B35: 45287 | C35: CUST0012 | D35: PROD300 | E35: 35 | F35: INV00034 | G35: 35 | H35: 1147.3289 | N35: 1147.3289 | O35: 44945 | P35: =IF(ISBLANK(ReconciliationData[[#This Row],[Invoice_ID]]),1,0) -> 0 | Q35: =IF(AND(NOT(ISBLANK(ReconciliationData[[#This Row],[Billed_Units]])),ReconciliationData[[#This Row],[ordered_units]]<>ReconciliationData[[#This Row],[Billed_Units]]),1,0) -> 0 | R35: =IF(AND(NOT(ISBLANK(ReconciliationData[[#This Row],[Billed_Price]])),NOT(ISBLANK(ReconciliationData[[#This Row],[List_Price]])),ReconciliationData[[#This Row],[Billed_Price]]<>ReconciliationData[[#This Row],[List_Price]]),1,0) -> 0 | S35: =IF(AND(NOT(ISBLANK(ReconciliationData[[#This Row],[Contract_Price]])),ReconciliationData[[#This Row],[Billed_Price]]<>ReconciliationData[[#This Row],[Contract_Price]]),1,0) -> 0 | T35: =IF(AND(NOT(ISBLANK(ReconciliationData[[#This Row],[End_Date]])),ReconciliationData[[#This Row],[Order_Date]]>ReconciliationData[[#This Row],[End_Date]]),1,0) -> 0 | U35: =IF(AND(NOT(ISBLANK(ReconciliationData[[#This Row],[last_return_date]])),ReconciliationData[[#This Row],[last_return_date]]>ReconciliationData[[#This Row],[Order_Date]]+60),1,0) -> 0 | V35: =IF(ReconciliationData[[#This Row],[total_returned_units]]>ReconciliationData[[#This Row],[ordered_units]],1,0) -> 0 | W35: =IF( OR(ReconciliationData[[#This Row],[missing_invoice]]=1, ReconciliationData[[#This Row],[unit_mismatch]]=1, ReconciliationData[[#This Row],[list_price_mismatch]]=1, ReconciliationData[[#This Row],[contract_price_mismatch]]=1, ReconciliationData[[#This Row],[expired_contract]]=1, ReconciliationData[[#This Row],[late_return]]=1, ReconciliationData[[#This Row],[over_return]]=1), "FAIL","PASS") -> PASS | X35: =ReconciliationData[[#This Row],[Billed_Units]]*ReconciliationData[[#This Row],[Billed_Price]] -> 40156.512 | Y35: =ReconciliationData[[#This Row],[ordered_units]]*ReconciliationData[[#This Row],[List_Price]] -> 40156.512 | Z35: =ReconciliationData[[#This Row],[billed_revenue]]-ReconciliationData[[#This Row],[expected_revenue]] -> 0 | AA35: =ReconciliationData[[#This Row],[missing_invoice]]*5 + ReconciliationData[[#This Row],[unit_mismatch]]*3 + ReconciliationData[[#This Row],[list_price_mismatch]]*4 + ReconciliationData[[#This Row],[contract_price_mismatch]]*4 + ReconciliationData[[#This Row],[expired_contract]]*4 + ReconciliationData[[#This Row],[late_return]]*2 + ReconciliationData[[#This Row],[over_return]]*3 + IF(ABS(ReconciliationData[[#This Row],[revenue_variance]])>500,5,0) -> 0 | AB35: =IF(ReconciliationData[[#This Row],[severity_score]]=0,"LOW", IF(ReconciliationData[[#This Row],[severity_score]]<=5,"MEDIUM","HIGH")) -> LOW | AC35: =TEXT(ReconciliationData[[#This Row],[Order_Date]],"YYYY-MM") -> 2023-12
A36: ORD00035 | B36: 45216 | C36: CUST0668 | D36: PROD139 | E36: 7 | F36: INV00035 | G36: 7 | H36: 973.438 | N36: 973.438 | O36: 45011 | P36: =IF(ISBLANK(ReconciliationData[[#This Row],[Invoice_ID]]),1,0) -> 0 | Q36: =IF(AND(NOT(ISBLANK(ReconciliationData[[#This Row],[Billed_Units]])),ReconciliationData[[#This Row],[ordered_units]]<>ReconciliationData[[#This Row],[Billed_Units]]),1,0) -> 0 | R36: =IF(AND(NOT(ISBLANK(ReconciliationData[[#This Row],[Billed_Price]])),NOT(ISBLANK(ReconciliationData[[#This Row],[List_Price]])),ReconciliationData[[#This Row],[Billed_Price]]<>ReconciliationData[[#This Row],[List_Price]]),1,0) -> 0 | S36: =IF(AND(NOT(ISBLANK(ReconciliationData[[#This Row],[Contract_Price]])),ReconciliationData[[#This Row],[Billed_Price]]<>ReconciliationData[[#This Row],[Contract_Price]]),1,0) -> 0 | T36: =IF(AND(NOT(ISBLANK(ReconciliationData[[#This Row],[End_Date]])),ReconciliationData[[#This Row],[Order_Date]]>ReconciliationData[[#This Row],[End_Date]]),1,0) -> 0 | U36: =IF(AND(NOT(ISBLANK(ReconciliationData[[#This Row],[last_return_date]])),ReconciliationData[[#This Row],[last_return_date]]>ReconciliationData[[#This Row],[Order_Date]]+60),1,0) -> 0 | V36: =IF(ReconciliationData[[#This Row],[total_returned_units]]>ReconciliationData[[#This Row],[ordered_units]],1,0) -> 0 | W36: =IF( OR(ReconciliationData[[#This Row],[missing_invoice]]=1, ReconciliationData[[#This Row],[unit_mismatch]]=1, ReconciliationData[[#This Row],[list_price_mismatch]]=1, ReconciliationData[[#This Row],[contract_price_mismatch]]=1, ReconciliationData[[#This Row],[expired_contract]]=1, ReconciliationData[[#This Row],[late_return]]=1, ReconciliationData[[#This Row],[over_return]]=1), "FAIL","PASS") -> PASS | X36: =ReconciliationData[[#This Row],[Billed_Units]]*ReconciliationData[[#This Row],[Billed_Price]] -> 6814.066 | Y36: =ReconciliationData[[#This Row],[ordered_units]]*ReconciliationData[[#This Row],[List_Price]] -> 6814.066 | Z36: =ReconciliationData[[#This Row],[billed_revenue]]-ReconciliationData[[#This Row],[expected_revenue]] -> 0 | AA36: =ReconciliationData[[#This Row],[missing_invoice]]*5 + ReconciliationData[[#This Row],[unit_mismatch]]*3 + ReconciliationData[[#This Row],[list_price_mismatch]]*4 + ReconciliationData[[#This Row],[contract_price_mismatch]]*4 + ReconciliationData[[#This Row],[expired_contract]]*4 + ReconciliationData[[#This Row],[late_return]]*2 + ReconciliationData[[#This Row],[over_return]]*3 + IF(ABS(ReconciliationData[[#This Row],[revenue_variance]])>500,5,0) -> 0 | AB36: =IF(ReconciliationData[[#This Row],[severity_score]]=0,"LOW", IF(ReconciliationData[[#This Row],[severity_score]]<=5,"MEDIUM","HIGH")) -> LOW | AC36: =TEXT(ReconciliationData[[#This Row],[Order_Date]],"YYYY-MM") -> 2023-10
A37: ORD00036 | B37: 45138 | C37: CUST0119 | D37: PROD160 | E37: 53 | F37: INV00036 | G37: 53 | H37: 54.5802 | N37: 54.5802 | O37: 44984 | P37: =IF(ISBLANK(ReconciliationData[[#This Row],[Invoice_ID]]),1,0) -> 0 | Q37: =IF(AND(NOT(ISBLANK(ReconciliationData[[#This Row],[Billed_Units]])),ReconciliationData[[#This Row],[ordered_units]]<>ReconciliationData[[#This Row],[Billed_Units]]),1,0) -> 0 | R37: =IF(AND(NOT(ISBLANK(ReconciliationData[[#This Row],[Billed_Price]])),NOT(ISBLANK(ReconciliationData[[#This Row],[List_Price]])),ReconciliationData[[#This Row],[Billed_Price]]<>ReconciliationData[[#This Row],[List_Price]]),1,0) -> 0 | S37: =IF(AND(NOT(ISBLANK(ReconciliationData[[#This Row],[Contract_Price]])),ReconciliationData[[#This Row],[Billed_Price]]<>ReconciliationData[[#This Row],[Contract_Price]]),1,0) -> 0 | T37: =IF(AND(NOT(ISBLANK(ReconciliationData[[#This Row],[End_Date]])),ReconciliationData[[#This Row],[Order_Date]]>ReconciliationData[[#This Row],[End_Date]]),1,0) -> 0 | U37: =IF(AND(NOT(ISBLANK(ReconciliationData[[#This Row],[last_return_date]])),ReconciliationData[[#This Row],[last_return_date]]>ReconciliationData[[#This Row],[Order_Date]]+60),1,0) -> 0 | V37: =IF(ReconciliationData[[#This Row],[total_returned_units]]>ReconciliationData[[#This Row],[ordered_units]],1,0) -> 0 | W37: =IF( OR(ReconciliationData[[#This Row],[missing_invoice]]=1, ReconciliationData[[#This Row],[unit_mismatch]]=1, ReconciliationData[[#This Row],[list_price_mismatch]]=1, ReconciliationData[[#This Row],[contract_price_mismatch]]=1, ReconciliationData[[#This Row],[expired_contract]]=1, ReconciliationData[[#This Row],[late_return]]=1, ReconciliationData[[#This Row],[over_return]]=1), "FAIL","PASS") -> PASS | X37: =ReconciliationData[[#This Row],[Billed_Units]]*ReconciliationData[[#This Row],[Billed_Price]] -> 2892.7506 | Y37: =ReconciliationData[[#This Row],[ordered_units]]*ReconciliationData[[#This Row],[List_Price]] -> 2892.7506 | Z37: =ReconciliationData[[#This Row],[billed_revenue]]-ReconciliationData[[#This Row],[expected_revenue]] -> 0 | AA37: =ReconciliationData[[#This Row],[missing_invoice]]*5 + ReconciliationData[[#This Row],[unit_mismatch]]*3 + ReconciliationData[[#This Row],[list_price_mismatch]]*4 + ReconciliationData[[#This Row],[contract_price_mismatch]]*4 + ReconciliationData[[#This Row],[expired_contract]]*4 + ReconciliationData[[#This Row],[late_return]]*2 + ReconciliationData[[#This Row],[over_return]]*3 + IF(ABS(ReconciliationData[[#This Row],[revenue_variance]])>500,5,0) -> 0 | AB37: =IF(ReconciliationData[[#This Row],[severity_score]]=0,"LOW", IF(ReconciliationData[[#This Row],[severity_score]]<=5,"MEDIUM","HIGH")) -> LOW | AC37: =TEXT(ReconciliationData[[#This Row],[Order_Date]],"YYYY-MM") -> 2023-07
A38: ORD00037 | B38: 45326 | C38: CUST0412 | D38: PROD129 | E38: 43 | F38: INV00037 | G38: 43 | H38: 397.1956 | N38: 397.1956 | O38: 44932 | P38: =IF(ISBLANK(ReconciliationData[[#This Row],[Invoice_ID]]),1,0) -> 0 | Q38: =IF(AND(NOT(ISBLANK(ReconciliationData[[#This Row],[Billed_Units]])),ReconciliationData[[#This Row],[ordered_units]]<>ReconciliationData[[#This Row],[Billed_Units]]),1,0) -> 0 | R38: =IF(AND(NOT(ISBLANK(ReconciliationData[[#This Row],[Billed_Price]])),NOT(ISBLANK(ReconciliationData[[#This Row],[List_Price]])),ReconciliationData[[#This Row],[Billed_Price]]<>ReconciliationData[[#This Row],[List_Price]]),1,0) -> 0 | S38: =IF(AND(NOT(ISBLANK(ReconciliationData[[#This Row],[Contract_Price]])),ReconciliationData[[#This Row],[Billed_Price]]<>ReconciliationData[[#This Row],[Contract_Price]]),1,0) -> 0 | T38: =IF(AND(NOT(ISBLANK(ReconciliationData[[#This Row],[End_Date]])),ReconciliationData[[#This Row],[Order_Date]]>ReconciliationData[[#This Row],[End_Date]]),1,0) -> 0 | U38: =IF(AND(NOT(ISBLANK(ReconciliationData[[#This Row],[last_return_date]])),ReconciliationData[[#This Row],[last_return_date]]>ReconciliationData[[#This Row],[Order_Date]]+60),1,0) -> 0 | V38: =IF(ReconciliationData[[#This Row],[total_returned_units]]>ReconciliationData[[#This Row],[ordered_units]],1,0) -> 0 | W38: =IF( OR(ReconciliationData[[#This Row],[missing_invoice]]=1, ReconciliationData[[#This Row],[unit_mismatch]]=1, ReconciliationData[[#This Row],[list_price_mismatch]]=1, ReconciliationData[[#This Row],[contract_price_mismatch]]=1, ReconciliationData[[#This Row],[expired_contract]]=1, ReconciliationData[[#This Row],[late_return]]=1, ReconciliationData[[#This Row],[over_return]]=1), "FAIL","PASS") -> PASS | X38: =ReconciliationData[[#This Row],[Billed_Units]]*ReconciliationData[[#This Row],[Billed_Price]] -> 17079.411 | Y38: =ReconciliationData[[#This Row],[ordered_units]]*ReconciliationData[[#This Row],[List_Price]] -> 17079.411 | Z38: =ReconciliationData[[#This Row],[billed_revenue]]-ReconciliationData[[#This Row],[expected_revenue]] -> 0 | AA38: =ReconciliationData[[#This Row],[missing_invoice]]*5 + ReconciliationData[[#This Row],[unit_mismatch]]*3 + ReconciliationData[[#This Row],[list_price_mismatch]]*4 + ReconciliationData[[#This Row],[contract_price_mismatch]]*4 + ReconciliationData[[#This Row],[expired_contract]]*4 + ReconciliationData[[#This Row],[late_return]]*2 + ReconciliationData[[#This Row],[over_return]]*3 + IF(ABS(ReconciliationData[[#This Row],[revenue_variance]])>500,5,0) -> 0 | AB38: =IF(ReconciliationData[[#This Row],[severity_score]]=0,"LOW", IF(ReconciliationData[[#This Row],[severity_score]]<=5,"MEDIUM","HIGH")) -> LOW | AC38: =TEXT(ReconciliationData[[#This Row],[Order_Date]],"YYYY-MM") -> 2024-02
A39: ORD00038 | B39: 45475 | C39: CUST0762 | D39: PROD018 | E39: 44 | F39: INV00038 | G39: 44 | H39: 1120.6556 | N39: 1120.6556 | O39: 45026 | P39: =IF(ISBLANK(ReconciliationData[[#This Row],[Invoice_ID]]),1,0) -> 0 | Q39: =IF(AND(NOT(ISBLANK(ReconciliationData[[#This Row],[Billed_Units]])),ReconciliationData[[#This Row],[ordered_units]]<>ReconciliationData[[#This Row],[Billed_Units]]),1,0) -> 0 | R39: =IF(AND(NOT(ISBLANK(ReconciliationData[[#This Row],[Billed_Price]])),NOT(ISBLANK(ReconciliationData[[#This Row],[List_Price]])),ReconciliationData[[#This Row],[Billed_Price]]<>ReconciliationData[[#This Row],[List_Price]]),1,0) -> 0 | S39: =IF(AND(NOT(ISBLANK(ReconciliationData[[#This Row],[Contract_Price]])),ReconciliationData[[#This Row],[Billed_Price]]<>ReconciliationData[[#This Row],[Contract_Price]]),1,0) -> 0 | T39: =IF(AND(NOT(ISBLANK(ReconciliationData[[#This Row],[End_Date]])),ReconciliationData[[#This Row],[Order_Date]]>ReconciliationData[[#This Row],[End_Date]]),1,0) -> 0 | U39: =IF(AND(NOT(ISBLANK(ReconciliationData[[#This Row],[last_return_date]])),ReconciliationData[[#This Row],[last_return_date]]>ReconciliationData[[#This Row],[Order_Date]]+60),1,0) -> 0 | V39: =IF(ReconciliationData[[#This Row],[total_returned_units]]>ReconciliationData[[#This Row],[ordered_units]],1,0) -> 0 | W39: =IF( OR(ReconciliationData[[#This Row],[missing_invoice]]=1, ReconciliationData[[#This Row],[unit_mismatch]]=1, ReconciliationData[[#This Row],[list_price_mismatch]]=1, ReconciliationData[[#This Row],[contract_price_mismatch]]=1, ReconciliationData[[#This Row],[expired_contract]]=1, ReconciliationData[[#This Row],[late_return]]=1, ReconciliationData[[#This Row],[over_return]]=1), "FAIL","PASS") -> PASS | X39: =ReconciliationData[[#This Row],[Billed_Units]]*ReconciliationData[[#This Row],[Billed_Price]] -> 49308.846 | Y39: =ReconciliationData[[#This Row],[ordered_units]]*ReconciliationData[[#This Row],[List_Price]] -> 49308.846 | Z39: =ReconciliationData[[#This Row],[billed_revenue]]-ReconciliationData[[#This Row],[expected_revenue]] -> 0 | AA39: =ReconciliationData[[#This Row],[missing_invoice]]*5 + ReconciliationData[[#This Row],[unit_mismatch]]*3 + ReconciliationData[[#This Row],[list_price_mismatch]]*4 + ReconciliationData[[#This Row],[contract_price_mismatch]]*4 + ReconciliationData[[#This Row],[expired_contract]]*4 + ReconciliationData[[#This Row],[late_return]]*2 + ReconciliationData[[#This Row],[over_return]]*3 + IF(ABS(ReconciliationData[[#This Row],[revenue_variance]])>500,5,0) -> 0 | AB39: =IF(ReconciliationData[[#This Row],[severity_score]]=0,"LOW", IF(ReconciliationData[[#This Row],[severity_score]]<=5,"MEDIUM","HIGH")) -> LOW | AC39: =TEXT(ReconciliationData[[#This Row],[Order_Date]],"YYYY-MM") -> 2024-07
A40: ORD00039 | B40: 44981 | C40: CUST0585 | D40: PROD048 | E40: 87 | F40: INV00039 | G40: 87 | H40: 399.2423 | I40: 6 | J40: 45292 | N40: 399.2423 | O40: 44874 | P40: =IF(ISBLANK(ReconciliationData[[#This Row],[Invoice_ID]]),1,0) -> 0 | Q40: =IF(AND(NOT(ISBLANK(ReconciliationData[[#This Row],[Billed_Units]])),ReconciliationData[[#This Row],[ordered_units]]<>ReconciliationData[[#This Row],[Billed_Units]]),1,0) -> 0 | R40: =IF(AND(NOT(ISBLANK(ReconciliationData[[#This Row],[Billed_Price]])),NOT(ISBLANK(ReconciliationData[[#This Row],[List_Price]])),ReconciliationData[[#This Row],[Billed_Price]]<>ReconciliationData[[#This Row],[List_Price]]),1,0) -> 0 | S40: =IF(AND(NOT(ISBLANK(ReconciliationData[[#This Row],[Contract_Price]])),ReconciliationData[[#This Row],[Billed_Price]]<>ReconciliationData[[#This Row],[Contract_Price]]),1,0) -> 0 | T40: =IF(AND(NOT(ISBLANK(ReconciliationData[[#This Row],[End_Date]])),ReconciliationData[[#This Row],[Order_Date]]>ReconciliationData[[#This Row],[End_Date]]),1,0) -> 0 | U40: =IF(AND(NOT(ISBLANK(ReconciliationData[[#This Row],[last_return_date]])),ReconciliationData[[#This Row],[last_return_date]]>ReconciliationData[[#This Row],[Order_Date]]+60),1,0) -> 1 | V40: =IF(ReconciliationData[[#This Row],[total_returned_units]]>ReconciliationData[[#This Row],[ordered_units]],1,0) -> 0 | W40: =IF( OR(ReconciliationData[[#This Row],[missing_invoice]]=1, ReconciliationData[[#This Row],[unit_mismatch]]=1, ReconciliationData[[#This Row],[list_price_mismatch]]=1, ReconciliationData[[#This Row],[contract_price_mismatch]]=1, ReconciliationData[[#This Row],[expired_contract]]=1, ReconciliationData[[#This Row],[late_return]]=1, ReconciliationData[[#This Row],[over_return]]=1), "FAIL","PASS") -> FAIL | X40: =ReconciliationData[[#This Row],[Billed_Units]]*ReconciliationData[[#This Row],[Billed_Price]] -> 34734.08 | Y40: =ReconciliationData[[#This Row],[ordered_units]]*ReconciliationData[[#This Row],[List_Price]] -> 34734.08 | Z40: =ReconciliationData[[#This Row],[billed_revenue]]-ReconciliationData[[#This Row],[expected_revenue]] -> 0 | AA40: =ReconciliationData[[#This Row],[missing_invoice]]*5 + ReconciliationData[[#This Row],[unit_mismatch]]*3 + ReconciliationData[[#This Row],[list_price_mismatch]]*4 + ReconciliationData[[#This Row],[contract_price_mismatch]]*4 + ReconciliationData[[#This Row],[expired_contract]]*4 + ReconciliationData[[#This Row],[late_return]]*2 + ReconciliationData[[#This Row],[over_return]]*3 + IF(ABS(ReconciliationData[[#This Row],[revenue_variance]])>500,5,0) -> 2 | AB40: =IF(ReconciliationData[[#This Row],[severity_score]]=0,"LOW", IF(ReconciliationData[[#This Row],[severity_score]]<=5,"MEDIUM","HIGH")) -> MEDIUM | AC40: =TEXT(ReconciliationData[[#This Row],[Order_Date]],"YYYY-MM") -> 2023-02
A41: ORD00040 | B41: 45619 | C41: CUST0082 | D41: PROD158 | E41: 196 | F41: INV00040 | G41: 196 | H41: 637.184 | N41: 637.184 | O41: 45175 | P41: =IF(ISBLANK(ReconciliationData[[#This Row],[Invoice_ID]]),1,0) -> 0 | Q41: =IF(AND(NOT(ISBLANK(ReconciliationData[[#This Row],[Billed_Units]])),ReconciliationData[[#This Row],[ordered_units]]<>ReconciliationData[[#This Row],[Billed_Units]]),1,0) -> 0 | R41: =IF(AND(NOT(ISBLANK(ReconciliationData[[#This Row],[Billed_Price]])),NOT(ISBLANK(ReconciliationData[[#This Row],[List_Price]])),ReconciliationData[[#This Row],[Billed_Price]]<>ReconciliationData[[#This Row],[List_Price]]),1,0) -> 0 | S41: =IF(AND(NOT(ISBLANK(ReconciliationData[[#This Row],[Contract_Price]])),ReconciliationData[[#This Row],[Billed_Price]]<>ReconciliationData[[#This Row],[Contract_Price]]),1,0) -> 0 | T41: =IF(AND(NOT(ISBLANK(ReconciliationData[[#This Row],[End_Date]])),ReconciliationData[[#This Row],[Order_Date]]>ReconciliationData[[#This Row],[End_Date]]),1,0) -> 0 | U41: =IF(AND(NOT(ISBLANK(ReconciliationData[[#This Row],[last_return_date]])),ReconciliationData[[#This Row],[last_return_date]]>ReconciliationData[[#This Row],[Order_Date]]+60),1,0) -> 0 | V41: =IF(ReconciliationData[[#This Row],[total_returned_units]]>ReconciliationData[[#This Row],[ordered_units]],1,0) -> 0 | W41: =IF( OR(ReconciliationData[[#This Row],[missing_invoice]]=1, ReconciliationData[[#This Row],[unit_mismatch]]=1, ReconciliationData[[#This Row],[list_price_mismatch]]=1, ReconciliationData[[#This Row],[contract_price_mismatch]]=1, ReconciliationData[[#This Row],[expired_contract]]=1, ReconciliationData[[#This Row],[late_return]]=1, ReconciliationData[[#This Row],[over_return]]=1), "FAIL","PASS") -> PASS | X41: =ReconciliationData[[#This Row],[Billed_Units]]*ReconciliationData[[#This Row],[Billed_Price]] -> 124888.06 | Y41: =ReconciliationData[[#This Row],[ordered_units]]*ReconciliationData[[#This Row],[List_Price]] -> 124888.06 | Z41: =ReconciliationData[[#This Row],[billed_revenue]]-ReconciliationData[[#This Row],[expected_revenue]] -> 0 | AA41: =ReconciliationData[[#This Row],[missing_invoice]]*5 + ReconciliationData[[#This Row],[unit_mismatch]]*3 + ReconciliationData[[#This Row],[list_price_mismatch]]*4 + ReconciliationData[[#This Row],[contract_price_mismatch]]*4 + ReconciliationData[[#This Row],[expired_contract]]*4 + ReconciliationData[[#This Row],[late_return]]*2 + ReconciliationData[[#This Row],[over_return]]*3 + IF(ABS(ReconciliationData[[#This Row],[revenue_variance]])>500,5,0) -> 0 | AB41: =IF(ReconciliationData[[#This Row],[severity_score]]=0,"LOW", IF(ReconciliationData[[#This Row],[severity_score]]<=5,"MEDIUM","HIGH")) -> LOW | AC41: =TEXT(ReconciliationData[[#This Row],[Order_Date]],"YYYY-MM") -> 2024-11
A42: ORD00041 | B42: 45489 | C42: CUST0656 | D42: PROD229 | E42: 189 | F42: INV00041 | G42: 189 | H42: 454.9838 | N42: 454.9838 | O42: 45011 | P42: =IF(ISBLANK(ReconciliationData[[#This Row],[Invoice_ID]]),1,0) -> 0 | Q42: =IF(AND(NOT(ISBLANK(ReconciliationData[[#This Row],[Billed_Units]])),ReconciliationData[[#This Row],[ordered_units]]<>ReconciliationData[[#This Row],[Billed_Units]]),1,0) -> 0 | R42: =IF(AND(NOT(ISBLANK(ReconciliationData[[#This Row],[Billed_Price]])),NOT(ISBLANK(ReconciliationData[[#This Row],[List_Price]])),ReconciliationData[[#This Row],[Billed_Price]]<>ReconciliationData[[#This Row],[List_Price]]),1,0) -> 0 | S42: =IF(AND(NOT(ISBLANK(ReconciliationData[[#This Row],[Contract_Price]])),ReconciliationData[[#This Row],[Billed_Price]]<>ReconciliationData[[#This Row],[Contract_Price]]),1,0) -> 0 | T42: =IF(AND(NOT(ISBLANK(ReconciliationData[[#This Row],[End_Date]])),ReconciliationData[[#This Row],[Order_Date]]>ReconciliationData[[#This Row],[End_Date]]),1,0) -> 0 | U42: =IF(AND(NOT(ISBLANK(ReconciliationData[[#This Row],[last_return_date]])),ReconciliationData[[#This Row],[last_return_date]]>ReconciliationData[[#This Row],[Order_Date]]+60),1,0) -> 0 | V42: =IF(ReconciliationData[[#This Row],[total_returned_units]]>ReconciliationData[[#This Row],[ordered_units]],1,0) -> 0 | W42: =IF( OR(ReconciliationData[[#This Row],[missing_invoice]]=1, ReconciliationData[[#This Row],[unit_mismatch]]=1, ReconciliationData[[#This Row],[list_price_mismatch]]=1, ReconciliationData[[#This Row],[contract_price_mismatch]]=1, ReconciliationData[[#This Row],[expired_contract]]=1, ReconciliationData[[#This Row],[late_return]]=1, ReconciliationData[[#This Row],[over_return]]=1), "FAIL","PASS") -> PASS | X42: =ReconciliationData[[#This Row],[Billed_Units]]*ReconciliationData[[#This Row],[Billed_Price]] -> 85991.938 | Y42: =ReconciliationData[[#This Row],[ordered_units]]*ReconciliationData[[#This Row],[List_Price]] -> 85991.938 | Z42: =ReconciliationData[[#This Row],[billed_revenue]]-ReconciliationData[[#This Row],[expected_revenue]] -> 0 | AA42: =ReconciliationData[[#This Row],[missing_invoice]]*5 + ReconciliationData[[#This Row],[unit_mismatch]]*3 + ReconciliationData[[#This Row],[list_price_mismatch]]*4 + ReconciliationData[[#This Row],[contract_price_mismatch]]*4 + ReconciliationData[[#This Row],[expired_contract]]*4 + ReconciliationData[[#This Row],[late_return]]*2 + ReconciliationData[[#This Row],[over_return]]*3 + IF(ABS(ReconciliationData[[#This Row],[revenue_variance]])>500,5,0) -> 0 | AB42: =IF(ReconciliationData[[#This Row],[severity_score]]=0,"LOW", IF(ReconciliationData[[#This Row],[severity_score]]<=5,"MEDIUM","HIGH")) -> LOW | AC42: =TEXT(ReconciliationData[[#This Row],[Order_Date]],"YYYY-MM") -> 2024-07
A43: ORD00042 | B43: 45416 | C43: CUST0777 | D43: PROD231 | E43: 128 | F43: INV00042 | G43: 128 | H43: 862.7364 | N43: 862.7364 | O43: 45223 | P43: =IF(ISBLANK(ReconciliationData[[#This Row],[Invoice_ID]]),1,0) -> 0 | Q43: =IF(AND(NOT(ISBLANK(ReconciliationData[[#This Row],[Billed_Units]])),ReconciliationData[[#This Row],[ordered_units]]<>ReconciliationData[[#This Row],[Billed_Units]]),1,0) -> 0 | R43: =IF(AND(NOT(ISBLANK(ReconciliationData[[#This Row],[Billed_Price]])),NOT(ISBLANK(ReconciliationData[[#This Row],[List_Price]])),ReconciliationData[[#This Row],[Billed_Price]]<>ReconciliationData[[#This Row],[List_Price]]),1,0) -> 0 | S43: =IF(AND(NOT(ISBLANK(ReconciliationData[[#This Row],[Contract_Price]])),ReconciliationData[[#This Row],[Billed_Price]]<>ReconciliationData[[#This Row],[Contract_Price]]),1,0) -> 0 | T43: =IF(AND(NOT(ISBLANK(ReconciliationData[[#This Row],[End_Date]])),ReconciliationData[[#This Row],[Order_Date]]>ReconciliationData[[#This Row],[End_Date]]),1,0) -> 0 | U43: =IF(AND(NOT(ISBLANK(ReconciliationData[[#This Row],[last_return_date]])),ReconciliationData[[#This Row],[last_return_date]]>ReconciliationData[[#This Row],[Order_Date]]+60),1,0) -> 0 | V43: =IF(ReconciliationData[[#This Row],[total_returned_units]]>ReconciliationData[[#This Row],[ordered_units]],1,0) -> 0 | W43: =IF( OR(ReconciliationData[[#This Row],[missing_invoice]]=1, ReconciliationData[[#This Row],[unit_mismatch]]=1, ReconciliationData[[#This Row],[list_price_mismatch]]=1, ReconciliationData[[#This Row],[contract_price_mismatch]]=1, ReconciliationData[[#This Row],[expired_contract]]=1, ReconciliationData[[#This Row],[late_return]]=1, ReconciliationData[[#This Row],[over_return]]=1), "FAIL","PASS") -> PASS | X43: =ReconciliationData[[#This Row],[Billed_Units]]*ReconciliationData[[#This Row],[Billed_Price]] -> 110430.26 | Y43: =ReconciliationData[[#This Row],[ordered_units]]*ReconciliationData[[#This Row],[List_Price]] -> 110430.26 | Z43: =ReconciliationData[[#This Row],[billed_revenue]]-ReconciliationData[[#This Row],[expected_revenue]] -> 0 | AA43: =ReconciliationData[[#This Row],[missing_invoice]]*5 + ReconciliationData[[#This Row],[unit_mismatch]]*3 + ReconciliationData[[#This Row],[list_price_mismatch]]*4 + ReconciliationData[[#This Row],[contract_price_mismatch]]*4 + ReconciliationData[[#This Row],[expired_contract]]*4 + ReconciliationData[[#This Row],[late_return]]*2 + ReconciliationData[[#This Row],[over_return]]*3 + IF(ABS(ReconciliationData[[#This Row],[revenue_variance]])>500,5,0) -> 0 | AB43: =IF(ReconciliationData[[#This Row],[severity_score]]=0,"LOW", IF(ReconciliationData[[#This Row],[severity_score]]<=5,"MEDIUM","HIGH")) -> LOW | AC43: =TEXT(ReconciliationData[[#This Row],[Order_Date]],"YYYY-MM") -> 2024-05
A44: ORD00043 | B44: 45657 | C44: CUST0052 | D44: PROD050 | E44: 4 | F44: INV00043 | G44: 4 | H44: 182.4273 | N44: 182.4273 | O44: 44989 | P44: =IF(ISBLANK(ReconciliationData[[#This Row],[Invoice_ID]]),1,0) -> 0 | Q44: =IF(AND(NOT(ISBLANK(ReconciliationData[[#This Row],[Billed_Units]])),ReconciliationData[[#This Row],[ordered_units]]<>ReconciliationData[[#This Row],[Billed_Units]]),1,0) -> 0 | R44: =IF(AND(NOT(ISBLANK(ReconciliationData[[#This Row],[Billed_Price]])),NOT(ISBLANK(ReconciliationData[[#This Row],[List_Price]])),ReconciliationData[[#This Row],[Billed_Price]]<>ReconciliationData[[#This Row],[List_Price]]),1,0) -> 0 | S44: =IF(AND(NOT(ISBLANK(ReconciliationData[[#This Row],[Contract_Price]])),ReconciliationData[[#This Row],[Billed_Price]]<>ReconciliationData[[#This Row],[Contract_Price]]),1,0) -> 0 | T44: =IF(AND(NOT(ISBLANK(ReconciliationData[[#This Row],[End_Date]])),ReconciliationData[[#This Row],[Order_Date]]>ReconciliationData[[#This Row],[End_Date]]),1,0) -> 0 | U44: =IF(AND(NOT(ISBLANK(ReconciliationData[[#This Row],[last_return_date]])),ReconciliationData[[#This Row],[last_return_date]]>ReconciliationData[[#This Row],[Order_Date]]+60),1,0) -> 0 | V44: =IF(ReconciliationData[[#This Row],[total_returned_units]]>ReconciliationData[[#This Row],[ordered_units]],1,0) -> 0 | W44: =IF( OR(ReconciliationData[[#This Row],[missing_invoice]]=1, ReconciliationData[[#This Row],[unit_mismatch]]=1, ReconciliationData[[#This Row],[list_price_mismatch]]=1, ReconciliationData[[#This Row],[contract_price_mismatch]]=1, ReconciliationData[[#This Row],[expired_contract]]=1, ReconciliationData[[#This Row],[late_return]]=1, ReconciliationData[[#This Row],[over_return]]=1), "FAIL","PASS") -> PASS | X44: =ReconciliationData[[#This Row],[Billed_Units]]*ReconciliationData[[#This Row],[Billed_Price]] -> 729.7092 | Y44: =ReconciliationData[[#This Row],[ordered_units]]*ReconciliationData[[#This Row],[List_Price]] -> 729.7092 | Z44: =ReconciliationData[[#This Row],[billed_revenue]]-ReconciliationData[[#This Row],[expected_revenue]] -> 0 | AA44: =ReconciliationData[[#This Row],[missing_invoice]]*5 + ReconciliationData[[#This Row],[unit_mismatch]]*3 + ReconciliationData[[#This Row],[list_price_mismatch]]*4 + ReconciliationData[[#This Row],[contract_price_mismatch]]*4 + ReconciliationData[[#This Row],[expired_contract]]*4 + ReconciliationData[[#This Row],[late_return]]*2 + ReconciliationData[[#This Row],[over_return]]*3 + IF(ABS(ReconciliationData[[#This Row],[revenue_variance]])>500,5,0) -> 0 | AB44: =IF(ReconciliationData[[#This Row],[severity_score]]=0,"LOW", IF(ReconciliationData[[#This Row],[severity_score]]<=5,"MEDIUM","HIGH")) -> LOW | AC44: =TEXT(ReconciliationData[[#This Row],[Order_Date]],"YYYY-MM") -> 2024-12
A45: ORD00044 | B45: 45580 | C45: CUST0122 | D45: PROD285 | E45: 114 | F45: INV00044 | G45: 114 | H45: 129.1752 | N45: 129.1752 | O45: 45184 | P45: =IF(ISBLANK(ReconciliationData[[#This Row],[Invoice_ID]]),1,0) -> 0 | Q45: =IF(AND(NOT(ISBLANK(ReconciliationData[[#This Row],[Billed_Units]])),ReconciliationData[[#This Row],[ordered_units]]<>ReconciliationData[[#This Row],[Billed_Units]]),1,0) -> 0 | R45: =IF(AND(NOT(ISBLANK(ReconciliationData[[#This Row],[Billed_Price]])),NOT(ISBLANK(ReconciliationData[[#This Row],[List_Price]])),ReconciliationData[[#This Row],[Billed_Price]]<>ReconciliationData[[#This Row],[List_Price]]),1,0) -> 0 | S45: =IF(AND(NOT(ISBLANK(ReconciliationData[[#This Row],[Contract_Price]])),ReconciliationData[[#This Row],[Billed_Price]]<>ReconciliationData[[#This Row],[Contract_Price]]),1,0) -> 0 | T45: =IF(AND(NOT(ISBLANK(ReconciliationData[[#This Row],[End_Date]])),ReconciliationData[[#This Row],[Order_Date]]>ReconciliationData[[#This Row],[End_Date]]),1,0) -> 0 | U45: =IF(AND(NOT(ISBLANK(ReconciliationData[[#This Row],[last_return_date]])),ReconciliationData[[#This Row],[last_return_date]]>ReconciliationData[[#This Row],[Order_Date]]+60),1,0) -> 0 | V45: =IF(ReconciliationData[[#This Row],[total_returned_units]]>ReconciliationData[[#This Row],[ordered_units]],1,0) -> 0 | W45: =IF( OR(ReconciliationData[[#This Row],[missing_invoice]]=1, ReconciliationData[[#This Row],[unit_mismatch]]=1, ReconciliationData[[#This Row],[list_price_mismatch]]=1, ReconciliationData[[#This Row],[contract_price_mismatch]]=1, ReconciliationData[[#This Row],[expired_contract]]=1, ReconciliationData[[#This Row],[late_return]]=1, ReconciliationData[[#This Row],[over_return]]=1), "FAIL","PASS") -> PASS | X45: =ReconciliationData[[#This Row],[Billed_Units]]*ReconciliationData[[#This Row],[Billed_Price]] -> 14725.973 | Y45: =ReconciliationData[[#This Row],[ordered_units]]*ReconciliationData[[#This Row],[List_Price]] -> 14725.973 | Z45: =ReconciliationData[[#This Row],[billed_revenue]]-ReconciliationData[[#This Row],[expected_revenue]] -> 0 | AA45: =ReconciliationData[[#This Row],[missing_invoice]]*5 + ReconciliationData[[#This Row],[unit_mismatch]]*3 + ReconciliationData[[#This Row],[list_price_mismatch]]*4 + ReconciliationData[[#This Row],[contract_price_mismatch]]*4 + ReconciliationData[[#This Row],[expired_contract]]*4 + ReconciliationData[[#This Row],[late_return]]*2 + ReconciliationData[[#This Row],[over_return]]*3 + IF(ABS(ReconciliationData[[#This Row],[revenue_variance]])>500,5,0) -> 0 | AB45: =IF(ReconciliationData[[#This Row],[severity_score]]=0,"LOW", IF(ReconciliationData[[#This Row],[severity_score]]<=5,"MEDIUM","HIGH")) -> LOW | AC45: =TEXT(ReconciliationData[[#This Row],[Order_Date]],"YYYY-MM") -> 2024-10
A46: ORD00045 | B46: 45117 | C46: CUST0521 | D46: PROD284 | E46: 162 | F46: INV00045 | G46: 162 | H46: 1065.9095 | N46: 1065.9095 | O46: 44963 | P46: =IF(ISBLANK(ReconciliationData[[#This Row],[Invoice_ID]]),1,0) -> 0 | Q46: =IF(AND(NOT(ISBLANK(ReconciliationData[[#This Row],[Billed_Units]])),ReconciliationData[[#This Row],[ordered_units]]<>ReconciliationData[[#This Row],[Billed_Units]]),1,0) -> 0 | R46: =IF(AND(NOT(ISBLANK(ReconciliationData[[#This Row],[Billed_Price]])),NOT(ISBLANK(ReconciliationData[[#This Row],[List_Price]])),ReconciliationData[[#This Row],[Billed_Price]]<>ReconciliationData[[#This Row],[List_Price]]),1,0) -> 0 | S46: =IF(AND(NOT(ISBLANK(ReconciliationData[[#This Row],[Contract_Price]])),ReconciliationData[[#This Row],[Billed_Price]]<>ReconciliationData[[#This Row],[Contract_Price]]),1,0) -> 0 | T46: =IF(AND(NOT(ISBLANK(ReconciliationData[[#This Row],[End_Date]])),ReconciliationData[[#This Row],[Order_Date]]>ReconciliationData[[#This Row],[End_Date]]),1,0) -> 0 | U46: =IF(AND(NOT(ISBLANK(ReconciliationData[[#This Row],[last_return_date]])),ReconciliationData[[#This Row],[last_return_date]]>ReconciliationData[[#This Row],[Order_Date]]+60),1,0) -> 0 | V46: =IF(ReconciliationData[[#This Row],[total_returned_units]]>ReconciliationData[[#This Row],[ordered_units]],1,0) -> 0 | W46: =IF( OR(ReconciliationData[[#This Row],[missing_invoice]]=1, ReconciliationData[[#This Row],[unit_mismatch]]=1, ReconciliationData[[#This Row],[list_price_mismatch]]=1, ReconciliationData[[#This Row],[contract_price_mismatch]]=1, ReconciliationData[[#This Row],[expired_contract]]=1, ReconciliationData[[#This Row],[late_return]]=1, ReconciliationData[[#This Row],[over_return]]=1), "FAIL","PASS") -> PASS | X46: =ReconciliationData[[#This Row],[Billed_Units]]*ReconciliationData[[#This Row],[Billed_Price]] -> 172677.34 | Y46: =ReconciliationData[[#This Row],[ordered_units]]*ReconciliationData[[#This Row],[List_Price]] -> 172677.34 | Z46: =ReconciliationData[[#This Row],[billed_revenue]]-ReconciliationData[[#This Row],[expected_revenue]] -> 0 | AA46: =ReconciliationData[[#This Row],[missing_invoice]]*5 + ReconciliationData[[#This Row],[unit_mismatch]]*3 + ReconciliationData[[#This Row],[list_price_mismatch]]*4 + ReconciliationData[[#This Row],[contract_price_mismatch]]*4 + ReconciliationData[[#This Row],[expired_contract]]*4 + ReconciliationData[[#This Row],[late_return]]*2 + ReconciliationData[[#This Row],[over_return]]*3 + IF(ABS(ReconciliationData[[#This Row],[revenue_variance]])>500,5,0) -> 0 | AB46: =IF(ReconciliationData[[#This Row],[severity_score]]=0,"LOW", IF(ReconciliationData[[#This Row],[severity_score]]<=5,"MEDIUM","HIGH")) -> LOW | AC46: =TEXT(ReconciliationData[[#This Row],[Order_Date]],"YYYY-MM") -> 2023-07
A47: ORD00046 | B47: 45218 | C47: CUST0010 | D47: PROD203 | E47: 42 | F47: INV00046 | G47: 42 | H47: 946.7486 | N47: 946.7486 | O47: 45038 | P47: =IF(ISBLANK(ReconciliationData[[#This Row],[Invoice_ID]]),1,0) -> 0 | Q47: =IF(AND(NOT(ISBLANK(ReconciliationData[[#This Row],[Billed_Units]])),ReconciliationData[[#This Row],[ordered_units]]<>ReconciliationData[[#This Row],[Billed_Units]]),1,0) -> 0 | R47: =IF(AND(NOT(ISBLANK(ReconciliationData[[#This Row],[Billed_Price]])),NOT(ISBLANK(ReconciliationData[[#This Row],[List_Price]])),ReconciliationData[[#This Row],[Billed_Price]]<>ReconciliationData[[#This Row],[List_Price]]),1,0) -> 0 | S47: =IF(AND(NOT(ISBLANK(ReconciliationData[[#This Row],[Contract_Price]])),ReconciliationData[[#This Row],[Billed_Price]]<>ReconciliationData[[#This Row],[Contract_Price]]),1,0) -> 0 | T47: =IF(AND(NOT(ISBLANK(ReconciliationData[[#This Row],[End_Date]])),ReconciliationData[[#This Row],[Order_Date]]>ReconciliationData[[#This Row],[End_Date]]),1,0) -> 0 | U47: =IF(AND(NOT(ISBLANK(ReconciliationData[[#This Row],[last_return_date]])),ReconciliationData[[#This Row],[last_return_date]]>ReconciliationData[[#This Row],[Order_Date]]+60),1,0) -> 0 | V47: =IF(ReconciliationData[[#This Row],[total_returned_units]]>ReconciliationData[[#This Row],[ordered_units]],1,0) -> 0 | W47: =IF( OR(ReconciliationData[[#This Row],[missing_invoice]]=1, ReconciliationData[[#This Row],[unit_mismatch]]=1, ReconciliationData[[#This Row],[list_price_mismatch]]=1, ReconciliationData[[#This Row],[contract_price_mismatch]]=1, ReconciliationData[[#This Row],[expired_contract]]=1, ReconciliationData[[#This Row],[late_return]]=1, ReconciliationData[[#This Row],[over_return]]=1), "FAIL","PASS") -> PASS | X47: =ReconciliationData[[#This Row],[Billed_Units]]*ReconciliationData[[#This Row],[Billed_Price]] -> 39763.441 | Y47: =ReconciliationData[[#This Row],[ordered_units]]*ReconciliationData[[#This Row],[List_Price]] -> 39763.441 | Z47: =ReconciliationData[[#This Row],[billed_revenue]]-ReconciliationData[[#This Row],[expected_revenue]] -> 0 | AA47: =ReconciliationData[[#This Row],[missing_invoice]]*5 + ReconciliationData[[#This Row],[unit_mismatch]]*3 + ReconciliationData[[#This Row],[list_price_mismatch]]*4 + ReconciliationData[[#This Row],[contract_price_mismatch]]*4 + ReconciliationData[[#This Row],[expired_contract]]*4 + ReconciliationData[[#This Row],[late_return]]*2 + ReconciliationData[[#This Row],[over_return]]*3 + IF(ABS(ReconciliationData[[#This Row],[revenue_variance]])>500,5,0) -> 0 | AB47: =IF(ReconciliationData[[#This Row],[severity_score]]=0,"LOW", IF(ReconciliationData[[#This Row],[severity_score]]<=5,"MEDIUM","HIGH")) -> LOW | AC47: =TEXT(ReconciliationData[[#This Row],[Order_Date]],"YYYY-MM") -> 2023-10
A48: ORD00047 | B48: 45520 | C48: CUST0387 | D48: PROD254 | E48: 17 | F48: INV00047 | G48: 17 | H48: 1190.6055 | N48: 1190.6055 | O48: 44984 | P48: =IF(ISBLANK(ReconciliationData[[#This Row],[Invoice_ID]]),1,0) -> 0 | Q48: =IF(AND(NOT(ISBLANK(ReconciliationData[[#This Row],[Billed_Units]])),ReconciliationData[[#This Row],[ordered_units]]<>ReconciliationData[[#This Row],[Billed_Units]]),1,0) -> 0 | R48: =IF(AND(NOT(ISBLANK(ReconciliationData[[#This Row],[Billed_Price]])),NOT(ISBLANK(ReconciliationData[[#This Row],[List_Price]])),ReconciliationData[[#This Row],[Billed_Price]]<>ReconciliationData[[#This Row],[List_Price]]),1,0) -> 0 | S48: =IF(AND(NOT(ISBLANK(ReconciliationData[[#This Row],[Contract_Price]])),ReconciliationData[[#This Row],[Billed_Price]]<>ReconciliationData[[#This Row],[Contract_Price]]),1,0) -> 0 | T48: =IF(AND(NOT(ISBLANK(ReconciliationData[[#This Row],[End_Date]])),ReconciliationData[[#This Row],[Order_Date]]>ReconciliationData[[#This Row],[End_Date]]),1,0) -> 0 | U48: =IF(AND(NOT(ISBLANK(ReconciliationData[[#This Row],[last_return_date]])),ReconciliationData[[#This Row],[last_return_date]]>ReconciliationData[[#This Row],[Order_Date]]+60),1,0) -> 0 | V48: =IF(ReconciliationData[[#This Row],[total_returned_units]]>ReconciliationData[[#This Row],[ordered_units]],1,0) -> 0 | W48: =IF( OR(ReconciliationData[[#This Row],[missing_invoice]]=1, ReconciliationData[[#This Row],[unit_mismatch]]=1, ReconciliationData[[#This Row],[list_price_mismatch]]=1, ReconciliationData[[#This Row],[contract_price_mismatch]]=1, ReconciliationData[[#This Row],[expired_contract]]=1, ReconciliationData[[#This Row],[late_return]]=1, ReconciliationData[[#This Row],[over_return]]=1), "FAIL","PASS") -> PASS | X48: =ReconciliationData[[#This Row],[Billed_Units]]*ReconciliationData[[#This Row],[Billed_Price]] -> 20240.293 | Y48: =ReconciliationData[[#This Row],[ordered_units]]*ReconciliationData[[#This Row],[List_Price]] -> 20240.293 | Z48: =ReconciliationData[[#This Row],[billed_revenue]]-ReconciliationData[[#This Row],[expected_revenue]] -> 0 | AA48: =ReconciliationData[[#This Row],[missing_invoice]]*5 + ReconciliationData[[#This Row],[unit_mismatch]]*3 + ReconciliationData[[#This Row],[list_price_mismatch]]*4 + ReconciliationData[[#This Row],[contract_price_mismatch]]*4 + ReconciliationData[[#This Row],[expired_contract]]*4 + ReconciliationData[[#This Row],[late_return]]*2 + ReconciliationData[[#This Row],[over_return]]*3 + IF(ABS(ReconciliationData[[#This Row],[revenue_variance]])>500,5,0) -> 0 | AB48: =IF(ReconciliationData[[#This Row],[severity_score]]=0,"LOW", IF(ReconciliationData[[#This Row],[severity_score]]<=5,"MEDIUM","HIGH")) -> LOW | AC48: =TEXT(ReconciliationData[[#This Row],[Order_Date]],"YYYY-MM") -> 2024-08
A49: ORD00048 | B49: 45190 | C49: CUST0454 | D49: PROD248 | E49: 191 | F49: INV00048 | G49: 191 | H49: 1119.3012 | N49: 1119.3012 | O49: 45091 | P49: =IF(ISBLANK(ReconciliationData[[#This Row],[Invoice_ID]]),1,0) -> 0 | Q49: =IF(AND(NOT(ISBLANK(ReconciliationData[[#This Row],[Billed_Units]])),ReconciliationData[[#This Row],[ordered_units]]<>ReconciliationData[[#This Row],[Billed_Units]]),1,0) -> 0 | R49: =IF(AND(NOT(ISBLANK(ReconciliationData[[#This Row],[Billed_Price]])),NOT(ISBLANK(ReconciliationData[[#This Row],[List_Price]])),ReconciliationData[[#This Row],[Billed_Price]]<>ReconciliationData[[#This Row],[List_Price]]),1,0) -> 0 | S49: =IF(AND(NOT(ISBLANK(ReconciliationData[[#This Row],[Contract_Price]])),ReconciliationData[[#This Row],[Billed_Price]]<>ReconciliationData[[#This Row],[Contract_Price]]),1,0) -> 0 | T49: =IF(AND(NOT(ISBLANK(ReconciliationData[[#This Row],[End_Date]])),ReconciliationData[[#This Row],[Order_Date]]>ReconciliationData[[#This Row],[End_Date]]),1,0) -> 0 | U49: =IF(AND(NOT(ISBLANK(ReconciliationData[[#This Row],[last_return_date]])),ReconciliationData[[#This Row],[last_return_date]]>ReconciliationData[[#This Row],[Order_Date]]+60),1,0) -> 0 | V49: =IF(ReconciliationData[[#This Row],[total_returned_units]]>ReconciliationData[[#This Row],[ordered_units]],1,0) -> 0 | W49: =IF( OR(ReconciliationData[[#This Row],[missing_invoice]]=1, ReconciliationData[[#This Row],[unit_mismatch]]=1, ReconciliationData[[#This Row],[list_price_mismatch]]=1, ReconciliationData[[#This Row],[contract_price_mismatch]]=1, ReconciliationData[[#This Row],[expired_contract]]=1, ReconciliationData[[#This Row],[late_return]]=1, ReconciliationData[[#This Row],[over_return]]=1), "FAIL","PASS") -> PASS | X49: =ReconciliationData[[#This Row],[Billed_Units]]*ReconciliationData[[#This Row],[Billed_Price]] -> 213786.53 | Y49: =ReconciliationData[[#This Row],[ordered_units]]*ReconciliationData[[#This Row],[List_Price]] -> 213786.53 | Z49: =ReconciliationData[[#This Row],[billed_revenue]]-ReconciliationData[[#This Row],[expected_revenue]] -> 0 | AA49: =ReconciliationData[[#This Row],[missing_invoice]]*5 + ReconciliationData[[#This Row],[unit_mismatch]]*3 + ReconciliationData[[#This Row],[list_price_mismatch]]*4 + ReconciliationData[[#This Row],[contract_price_mismatch]]*4 + ReconciliationData[[#This Row],[expired_contract]]*4 + ReconciliationData[[#This Row],[late_return]]*2 + ReconciliationData[[#This Row],[over_return]]*3 + IF(ABS(ReconciliationData[[#This Row],[revenue_variance]])>500,5,0) -> 0 | AB49: =IF(ReconciliationData[[#This Row],[severity_score]]=0,"LOW", IF(ReconciliationData[[#This Row],[severity_score]]<=5,"MEDIUM","HIGH")) -> LOW | AC49: =TEXT(ReconciliationData[[#This Row],[Order_Date]],"YYYY-MM") -> 2023-09
A50: ORD00049 | B50: 45605 | C50: CUST0338 | D50: PROD101 | E50: 118 | F50: INV00049 | G50: 118 | H50: 169.49266 | N50: 169.229 | O50: 45039 | P50: =IF(ISBLANK(ReconciliationData[[#This Row],[Invoice_ID]]),1,0) -> 0 | Q50: =IF(AND(NOT(ISBLANK(ReconciliationData[[#This Row],[Billed_Units]])),ReconciliationData[[#This Row],[ordered_units]]<>ReconciliationData[[#This Row],[Billed_Units]]),1,0) -> 0 | R50: =IF(AND(NOT(ISBLANK(ReconciliationData[[#This Row],[Billed_Price]])),NOT(ISBLANK(ReconciliationData[[#This Row],[List_Price]])),ReconciliationData[[#This Row],[Billed_Price]]<>ReconciliationData[[#This Row],[List_Price]]),1,0) -> 1 | S50: =IF(AND(NOT(ISBLANK(ReconciliationData[[#This Row],[Contract_Price]])),ReconciliationData[[#This Row],[Billed_Price]]<>ReconciliationData[[#This Row],[Contract_Price]]),1,0) -> 0 | T50: =IF(AND(NOT(ISBLANK(ReconciliationData[[#This Row],[End_Date]])),ReconciliationData[[#This Row],[Order_Date]]>ReconciliationData[[#This Row],[End_Date]]),1,0) -> 0 | U50: =IF(AND(NOT(ISBLANK(ReconciliationData[[#This Row],[last_return_date]])),ReconciliationData[[#This Row],[last_return_date]]>ReconciliationData[[#This Row],[Order_Date]]+60),1,0) -> 0 | V50: =IF(ReconciliationData[[#This Row],[total_returned_units]]>ReconciliationData[[#This Row],[ordered_units]],1,0) -> 0 | W50: =IF( OR(ReconciliationData[[#This Row],[missing_invoice]]=1, ReconciliationData[[#This Row],[unit_mismatch]]=1, ReconciliationData[[#This Row],[list_price_mismatch]]=1, ReconciliationData[[#This Row],[contract_price_mismatch]]=1, ReconciliationData[[#This Row],[expired_contract]]=1, ReconciliationData[[#This Row],[late_return]]=1, ReconciliationData[[#This Row],[over_return]]=1), "FAIL","PASS") -> FAIL | X50: =ReconciliationData[[#This Row],[Billed_Units]]*ReconciliationData[[#This Row],[Billed_Price]] -> 20000.134 | Y50: =ReconciliationData[[#This Row],[ordered_units]]*ReconciliationData[[#This Row],[List_Price]] -> 19969.022 | Z50: =ReconciliationData[[#This Row],[billed_revenue]]-ReconciliationData[[#This Row],[expected_revenue]] -> 31.111607 | AA50: =ReconciliationData[[#This Row],[missing_invoice]]*5 + ReconciliationData[[#This Row],[unit_mismatch]]*3 + ReconciliationData[[#This Row],[list_price_mismatch]]*4 + ReconciliationData[[#This Row],[contract_price_mismatch]]*4 + ReconciliationData[[#This Row],[expired_contract]]*4 + ReconciliationData[[#This Row],[late_return]]*2 + ReconciliationData[[#This Row],[over_return]]*3 + IF(ABS(ReconciliationData[[#This Row],[revenue_variance]])>500,5,0) -> 4 | AB50: =IF(ReconciliationData[[#This Row],[severity_score]]=0,"LOW", IF(ReconciliationData[[#This Row],[severity_score]]<=5,"MEDIUM","HIGH")) -> MEDIUM | AC50: =TEXT(ReconciliationData[[#This Row],[Order_Date]],"YYYY-MM") -> 2024-11
A51: ORD00050 | B51: 45086 | C51: CUST0263 | D51: PROD011 | E51: 162 | F51: INV00050 | G51: 162 | H51: 499.2768 | N51: 499.2768 | O51: 44840 | P51: =IF(ISBLANK(ReconciliationData[[#This Row],[Invoice_ID]]),1,0) -> 0 | Q51: =IF(AND(NOT(ISBLANK(ReconciliationData[[#This Row],[Billed_Units]])),ReconciliationData[[#This Row],[ordered_units]]<>ReconciliationData[[#This Row],[Billed_Units]]),1,0) -> 0 | R51: =IF(AND(NOT(ISBLANK(ReconciliationData[[#This Row],[Billed_Price]])),NOT(ISBLANK(ReconciliationData[[#This Row],[List_Price]])),ReconciliationData[[#This Row],[Billed_Price]]<>ReconciliationData[[#This Row],[List_Price]]),1,0) -> 0 | S51: =IF(AND(NOT(ISBLANK(ReconciliationData[[#This Row],[Contract_Price]])),ReconciliationData[[#This Row],[Billed_Price]]<>ReconciliationData[[#This Row],[Contract_Price]]),1,0) -> 0 | T51: =IF(AND(NOT(ISBLANK(ReconciliationData[[#This Row],[End_Date]])),ReconciliationData[[#This Row],[Order_Date]]>ReconciliationData[[#This Row],[End_Date]]),1,0) -> 0 | U51: =IF(AND(NOT(ISBLANK(ReconciliationData[[#This Row],[last_return_date]])),ReconciliationData[[#This Row],[last_return_date]]>ReconciliationData[[#This Row],[Order_Date]]+60),1,0) -> 0 | V51: =IF(ReconciliationData[[#This Row],[total_returned_units]]>ReconciliationData[[#This Row],[ordered_units]],1,0) -> 0 | W51: =IF( OR(ReconciliationData[[#This Row],[missing_invoice]]=1, ReconciliationData[[#This Row],[unit_mismatch]]=1, ReconciliationData[[#This Row],[list_price_mismatch]]=1, ReconciliationData[[#This Row],[contract_price_mismatch]]=1, ReconciliationData[[#This Row],[expired_contract]]=1, ReconciliationData[[#This Row],[late_return]]=1, ReconciliationData[[#This Row],[over_return]]=1), "FAIL","PASS") -> PASS | X51: =ReconciliationData[[#This Row],[Billed_Units]]*ReconciliationData[[#This Row],[Billed_Price]] -> 80882.842 | Y51: =ReconciliationData[[#This Row],[ordered_units]]*ReconciliationData[[#This Row],[List_Price]] -> 80882.842 | Z51: =ReconciliationData[[#This Row],[billed_revenue]]-ReconciliationData[[#This Row],[expected_revenue]] -> 0 | AA51: =ReconciliationData[[#This Row],[missing_invoice]]*5 + ReconciliationData[[#This Row],[unit_mismatch]]*3 + ReconciliationData[[#This Row],[list_price_mismatch]]*4 + ReconciliationData[[#This Row],[contract_price_mismatch]]*4 + ReconciliationData[[#This Row],[expired_contract]]*4 + ReconciliationData[[#This Row],[late_return]]*2 + ReconciliationData[[#This Row],[over_return]]*3 + IF(ABS(ReconciliationData[[#This Row],[revenue_variance]])>500,5,0) -> 0 | AB51: =IF(ReconciliationData[[#This Row],[severity_score]]=0,"LOW", IF(ReconciliationData[[#This Row],[severity_score]]<=5,"MEDIUM","HIGH")) -> LOW | AC51: =TEXT(ReconciliationData[[#This Row],[Order_Date]],"YYYY-MM") -> 2023-06
A52: ORD00051 | B52: 44930 | C52: CUST0353 | D52: PROD036 | E52: 92 | F52: INV00051 | G52: 92 | H52: 412.9545 | N52: 412.9545 | O52: 44785 | P52: =IF(ISBLANK(ReconciliationData[[#This Row],[Invoice_ID]]),1,0) -> 0 | Q52: =IF(AND(NOT(ISBLANK(ReconciliationData[[#This Row],[Billed_Units]])),ReconciliationData[[#This Row],[ordered_units]]<>ReconciliationData[[#This Row],[Billed_Units]]),1,0) -> 0 | R52: =IF(AND(NOT(ISBLANK(ReconciliationData[[#This Row],[Billed_Price]])),NOT(ISBLANK(ReconciliationData[[#This Row],[List_Price]])),ReconciliationData[[#This Row],[Billed_Price]]<>ReconciliationData[[#This Row],[List_Price]]),1,0) -> 0 | S52: =IF(AND(NOT(ISBLANK(ReconciliationData[[#This Row],[Contract_Price]])),ReconciliationData[[#This Row],[Billed_Price]]<>ReconciliationData[[#This Row],[Contract_Price]]),1,0) -> 0 | T52: =IF(AND(NOT(ISBLANK(ReconciliationData[[#This Row],[End_Date]])),ReconciliationData[[#This Row],[Order_Date]]>ReconciliationData[[#This Row],[End_Date]]),1,0) -> 0 | U52: =IF(AND(NOT(ISBLANK(ReconciliationData[[#This Row],[last_return_date]])),ReconciliationData[[#This Row],[last_return_date]]>ReconciliationData[[#This Row],[Order_Date]]+60),1,0) -> 0 | V52: =IF(ReconciliationData[[#This Row],[total_returned_units]]>ReconciliationData[[#This Row],[ordered_units]],1,0) -> 0 | W52: =IF( OR(ReconciliationData[[#This Row],[missing_invoice]]=1, ReconciliationData[[#This Row],[unit_mismatch]]=1, ReconciliationData[[#This Row],[list_price_mismatch]]=1, ReconciliationData[[#This Row],[contract_price_mismatch]]=1, ReconciliationData[[#This Row],[expired_contract]]=1, ReconciliationData[[#This Row],[late_return]]=1, ReconciliationData[[#This Row],[over_return]]=1), "FAIL","PASS") -> PASS | X52: =ReconciliationData[[#This Row],[Billed_Units]]*ReconciliationData[[#This Row],[Billed_Price]] -> 37991.814 | Y52: =ReconciliationData[[#This Row],[ordered_units]]*ReconciliationData[[#This Row],[List_Price]] -> 37991.814 | Z52: =ReconciliationData[[#This Row],[billed_revenue]]-ReconciliationData[[#This Row],[expected_revenue]] -> 0 | AA52: =ReconciliationData[[#This Row],[missing_invoice]]*5 + ReconciliationData[[#This Row],[unit_mismatch]]*3 + ReconciliationData[[#This Row],[list_price_mismatch]]*4 + ReconciliationData[[#This Row],[contract_price_mismatch]]*4 + ReconciliationData[[#This Row],[expired_contract]]*4 + ReconciliationData[[#This Row],[late_return]]*2 + ReconciliationData[[#This Row],[over_return]]*3 + IF(ABS(ReconciliationData[[#This Row],[revenue_variance]])>500,5,0) -> 0 | AB52: =IF(ReconciliationData[[#This Row],[severity_score]]=0,"LOW", IF(ReconciliationData[[#This Row],[severity_score]]<=5,"MEDIUM","HIGH")) -> LOW | AC52: =TEXT(ReconciliationData[[#This Row],[Order_Date]],"YYYY-MM") -> 2023-01
... A60: ORD00059 | B60: 44952 | C60: CUST0772 | D60: PROD263 | E60: 95 | F60: INV00059 | G60: 101 | H60: 456.09 | N60: 456.09 | O60: 44678 | P60: =IF(ISBLANK(ReconciliationData[[#This Row],[Invoice_ID]]),1,0) -> 0 | Q60: =IF(AND(NOT(ISBLANK(ReconciliationData[[#This Row],[Billed_Units]])),ReconciliationData[[#This Row],[ordered_units]]<>ReconciliationData[[#This Row],[Billed_Units]]),1,0) -> 1 | R60: =IF(AND(NOT(ISBLANK(ReconciliationData[[#This Row],[Billed_Price]])),NOT(ISBLANK(ReconciliationData[[#This Row],[List_Price]])),ReconciliationData[[#This Row],[Billed_Price]]<>ReconciliationData[[#This Row],[List_Price]]),1,0) -> 0 | S60: =IF(AND(NOT(ISBLANK(ReconciliationData[[#This Row],[Contract_Price]])),ReconciliationData[[#This Row],[Billed_Price]]<>ReconciliationData[[#This Row],[Contract_Price]]),1,0) -> 0 | T60: =IF(AND(NOT(ISBLANK(ReconciliationData[[#This Row],[End_Date]])),ReconciliationData[[#This Row],[Order_Date]]>ReconciliationData[[#This Row],[End_Date]]),1,0) -> 0 | U60: =IF(AND(NOT(ISBLANK(ReconciliationData[[#This Row],[last_return_date]])),ReconciliationData[[#This Row],[last_return_date]]>ReconciliationData[[#This Row],[Order_Date]]+60),1,0) -> 0 | V60: =IF(ReconciliationData[[#This Row],[total_returned_units]]>ReconciliationData[[#This Row],[ordered_units]],1,0) -> 0 | W60: =IF( OR(ReconciliationData[[#This Row],[missing_invoice]]=1, ReconciliationData[[#This Row],[unit_mismatch]]=1, ReconciliationData[[#This Row],[list_price_mismatch]]=1, ReconciliationData[[#This Row],[contract_price_mismatch]]=1, ReconciliationData[[#This Row],[expired_contract]]=1, ReconciliationData[[#This Row],[late_return]]=1, ReconciliationData[[#This Row],[over_return]]=1), "FAIL","PASS") -> FAIL | X60: =ReconciliationData[[#This Row],[Billed_Units]]*ReconciliationData[[#This Row],[Billed_Price]] -> 46065.09 | Y60: =ReconciliationData[[#This Row],[ordered_units]]*ReconciliationData[[#This Row],[List_Price]] -> 43328.55 | Z60: =ReconciliationData[[#This Row],[billed_revenue]]-ReconciliationData[[#This Row],[expected_revenue]] -> 2736.54 | AA60: =ReconciliationData[[#This Row],[missing_invoice]]*5 + ReconciliationData[[#This Row],[unit_mismatch]]*3 + ReconciliationData[[#This Row],[list_price_mismatch]]*4 + ReconciliationData[[#This Row],[contract_price_mismatch]]*4 + ReconciliationData[[#This Row],[expired_contract]]*4 + ReconciliationData[[#This Row],[late_return]]*2 + ReconciliationData[[#This Row],[over_return]]*3 + IF(ABS(ReconciliationData[[#This Row],[revenue_variance]])>500,5,0) -> 8 | AB60: =IF(ReconciliationData[[#This Row],[severity_score]]=0,"LOW", IF(ReconciliationData[[#This Row],[severity_score]]<=5,"MEDIUM","HIGH")) -> HIGH | AC60: =TEXT(ReconciliationData[[#This Row],[Order_Date]],"YYYY-MM") -> 2023-01
A61: ORD00060 | B61: 44934 | C61: CUST0772 | D61: PROD093 | E61: 111 | F61: INV00060 | G61: 111 | H61: 524.68 | I61: 13 | J61: 45617 | N61: 524.68 | O61: 44615 | P61: =IF(ISBLANK(ReconciliationData[[#This Row],[Invoice_ID]]),1,0) -> 0 | Q61: =IF(AND(NOT(ISBLANK(ReconciliationData[[#This Row],[Billed_Units]])),ReconciliationData[[#This Row],[ordered_units]]<>ReconciliationData[[#This Row],[Billed_Units]]),1,0) -> 0 | R61: =IF(AND(NOT(ISBLANK(ReconciliationData[[#This Row],[Billed_Price]])),NOT(ISBLANK(ReconciliationData[[#This Row],[List_Price]])),ReconciliationData[[#This Row],[Billed_Price]]<>ReconciliationData[[#This Row],[List_Price]]),1,0) -> 0 | S61: =IF(AND(NOT(ISBLANK(ReconciliationData[[#This Row],[Contract_Price]])),ReconciliationData[[#This Row],[Billed_Price]]<>ReconciliationData[[#This Row],[Contract_Price]]),1,0) -> 0 | T61: =IF(AND(NOT(ISBLANK(ReconciliationData[[#This Row],[End_Date]])),ReconciliationData[[#This Row],[Order_Date]]>ReconciliationData[[#This Row],[End_Date]]),1,0) -> 0 | U61: =IF(AND(NOT(ISBLANK(ReconciliationData[[#This Row],[last_return_date]])),ReconciliationData[[#This Row],[last_return_date]]>ReconciliationData[[#This Row],[Order_Date]]+60),1,0) -> 1 | V61: =IF(ReconciliationData[[#This Row],[total_returned_units]]>ReconciliationData[[#This Row],[ordered_units]],1,0) -> 0 | W61: =IF( OR(ReconciliationData[[#This Row],[missing_invoice]]=1, ReconciliationData[[#This Row],[unit_mismatch]]=1, ReconciliationData[[#This Row],[list_price_mismatch]]=1, ReconciliationData[[#This Row],[contract_price_mismatch]]=1, ReconciliationData[[#This Row],[expired_contract]]=1, ReconciliationData[[#This Row],[late_return]]=1, ReconciliationData[[#This Row],[over_return]]=1), "FAIL","PASS") -> FAIL | X61: =ReconciliationData[[#This Row],[Billed_Units]]*ReconciliationData[[#This Row],[Billed_Price]] -> 58239.48 | Y61: =ReconciliationData[[#This Row],[ordered_units]]*ReconciliationData[[#This Row],[List_Price]] -> 58239.48 | Z61: =ReconciliationData[[#This Row],[billed_revenue]]-ReconciliationData[[#This Row],[expected_revenue]] -> 0 | AA61: =ReconciliationData[[#This Row],[missing_invoice]]*5 + ReconciliationData[[#This Row],[unit_mismatch]]*3 + ReconciliationData[[#This Row],[list_price_mismatch]]*4 + ReconciliationData[[#This Row],[contract_price_mismatch]]*4 + ReconciliationData[[#This Row],[expired_contract]]*4 + ReconciliationData[[#This Row],[late_return]]*2 + ReconciliationData[[#This Row],[over_return]]*3 + IF(ABS(ReconciliationData[[#This Row],[revenue_variance]])>500,5,0) -> 2 | AB61: =IF(ReconciliationData[[#This Row],[severity_score]]=0,"LOW", IF(ReconciliationData[[#This Row],[severity_score]]<=5,"MEDIUM","HIGH")) -> MEDIUM | AC61: =TEXT(ReconciliationData[[#This Row],[Order_Date]],"YYYY-MM") -> 2023-01
A62: ORD00061 | B62: 44949 | C62: CUST0371 | D62: PROD270 | E62: 94 | F62: INV00061 | G62: 94 | H62: 525.45 | N62: 525.45 | O62: 44623 | P62: =IF(ISBLANK(ReconciliationData[[#This Row],[Invoice_ID]]),1,0) -> 0 | Q62: =IF(AND(NOT(ISBLANK(ReconciliationData[[#This Row],[Billed_Units]])),ReconciliationData[[#This Row],[ordered_units]]<>ReconciliationData[[#This Row],[Billed_Units]]),1,0) -> 0 | R62: =IF(AND(NOT(ISBLANK(ReconciliationData[[#This Row],[Billed_Price]])),NOT(ISBLANK(ReconciliationData[[#This Row],[List_Price]])),ReconciliationData[[#This Row],[Billed_Price]]<>ReconciliationData[[#This Row],[List_Price]]),1,0) -> 0 | S62: =IF(AND(NOT(ISBLANK(ReconciliationData[[#This Row],[Contract_Price]])),ReconciliationData[[#This Row],[Billed_Price]]<>ReconciliationData[[#This Row],[Contract_Price]]),1,0) -> 0 | T62: =IF(AND(NOT(ISBLANK(ReconciliationData[[#This Row],[End_Date]])),ReconciliationData[[#This Row],[Order_Date]]>ReconciliationData[[#This Row],[End_Date]]),1,0) -> 0 | U62: =IF(AND(NOT(ISBLANK(ReconciliationData[[#This Row],[last_return_date]])),ReconciliationData[[#This Row],[last_return_date]]>ReconciliationData[[#This Row],[Order_Date]]+60),1,0) -> 0 | V62: =IF(ReconciliationData[[#This Row],[total_returned_units]]>ReconciliationData[[#This Row],[ordered_units]],1,0) -> 0 | W62: =IF( OR(ReconciliationData[[#This Row],[missing_invoice]]=1, ReconciliationData[[#This Row],[unit_mismatch]]=1, ReconciliationData[[#This Row],[list_price_mismatch]]=1, ReconciliationData[[#This Row],[contract_price_mismatch]]=1, ReconciliationData[[#This Row],[expired_contract]]=1, ReconciliationData[[#This Row],[late_return]]=1, ReconciliationData[[#This Row],[over_return]]=1), "FAIL","PASS") -> PASS | X62: =ReconciliationData[[#This Row],[Billed_Units]]*ReconciliationData[[#This Row],[Billed_Price]] -> 49392.3 | Y62: =ReconciliationData[[#This Row],[ordered_units]]*ReconciliationData[[#This Row],[List_Price]] -> 49392.3 | Z62: =ReconciliationData[[#This Row],[billed_revenue]]-ReconciliationData[[#This Row],[expected_revenue]] -> 0 | AA62: =ReconciliationData[[#This Row],[missing_invoice]]*5 + ReconciliationData[[#This Row],[unit_mismatch]]*3 + ReconciliationData[[#This Row],[list_price_mismatch]]*4 + ReconciliationData[[#This Row],[contract_price_mismatch]]*4 + ReconciliationData[[#This Row],[expired_contract]]*4 + ReconciliationData[[#This Row],[late_return]]*2 + ReconciliationData[[#This Row],[over_return]]*3 + IF(ABS(ReconciliationData[[#This Row],[revenue_variance]])>500,5,0) -> 0 | AB62: =IF(ReconciliationData[[#This Row],[severity_score]]=0,"LOW", IF(ReconciliationData[[#This Row],[severity_score]]<=5,"MEDIUM","HIGH")) -> LOW | AC62: =TEXT(ReconciliationData[[#This Row],[Order_Date]],"YYYY-MM") -> 2023-01
A63: ORD00062 | B63: 45000 | C63: CUST0096 | D63: PROD259 | E63: 64 | F63: INV00062 | G63: 64 | H63: 639.9184 | N63: 639.9184 | O63: 44930 | P63: =IF(ISBLANK(ReconciliationData[[#This Row],[Invoice_ID]]),1,0) -> 0 | Q63: =IF(AND(NOT(ISBLANK(ReconciliationData[[#This Row],[Billed_Units]])),ReconciliationData[[#This Row],[ordered_units]]<>ReconciliationData[[#This Row],[Billed_Units]]),1,0) -> 0 | R63: =IF(AND(NOT(ISBLANK(ReconciliationData[[#This Row],[Billed_Price]])),NOT(ISBLANK(ReconciliationData[[#This Row],[List_Price]])),ReconciliationData[[#This Row],[Billed_Price]]<>ReconciliationData[[#This Row],[List_Price]]),1,0) -> 0 | S63: =IF(AND(NOT(ISBLANK(ReconciliationData[[#This Row],[Contract_Price]])),ReconciliationData[[#This Row],[Billed_Price]]<>ReconciliationData[[#This Row],[Contract_Price]]),1,0) -> 0 | T63: =IF(AND(NOT(ISBLANK(ReconciliationData[[#This Row],[End_Date]])),ReconciliationData[[#This Row],[Order_Date]]>ReconciliationData[[#This Row],[End_Date]]),1,0) -> 0 | U63: =IF(AND(NOT(ISBLANK(ReconciliationData[[#This Row],[last_return_date]])),ReconciliationData[[#This Row],[last_return_date]]>ReconciliationData[[#This Row],[Order_Date]]+60),1,0) -> 0 | V63: =IF(ReconciliationData[[#This Row],[total_returned_units]]>ReconciliationData[[#This Row],[ordered_units]],1,0) -> 0 | W63: =IF( OR(ReconciliationData[[#This Row],[missing_invoice]]=1, ReconciliationData[[#This Row],[unit_mismatch]]=1, ReconciliationData[[#This Row],[list_price_mismatch]]=1, ReconciliationData[[#This Row],[contract_price_mismatch]]=1, ReconciliationData[[#This Row],[expired_contract]]=1, ReconciliationData[[#This Row],[late_return]]=1, ReconciliationData[[#This Row],[over_return]]=1), "FAIL","PASS") -> PASS | X63: =ReconciliationData[[#This Row],[Billed_Units]]*ReconciliationData[[#This Row],[Billed_Price]] -> 40954.778 | Y63: =ReconciliationData[[#This Row],[ordered_units]]*ReconciliationData[[#This Row],[List_Price]] -> 40954.778 | Z63: =ReconciliationData[[#This Row],[billed_revenue]]-ReconciliationData[[#This Row],[expected_revenue]] -> 0 | AA63: =ReconciliationData[[#This Row],[missing_invoice]]*5 + ReconciliationData[[#This Row],[unit_mismatch]]*3 + ReconciliationData[[#This Row],[list_price_mismatch]]*4 + ReconciliationData[[#This Row],[contract_price_mismatch]]*4 + ReconciliationData[[#This Row],[expired_contract]]*4 + ReconciliationData[[#This Row],[late_return]]*2 + ReconciliationData[[#This Row],[over_return]]*3 + IF(ABS(ReconciliationData[[#This Row],[revenue_variance]])>500,5,0) -> 0 | AB63: =IF(ReconciliationData[[#This Row],[severity_score]]=0,"LOW", IF(ReconciliationData[[#This Row],[severity_score]]<=5,"MEDIUM","HIGH")) -> LOW | AC63: =TEXT(ReconciliationData[[#This Row],[Order_Date]],"YYYY-MM") -> 2023-03
A64: ORD00063 | B64: 45212 | C64: CUST0252 | D64: PROD081 | E64: 33 | F64: INV00063 | G64: 33 | H64: 517.391 | N64: 517.391 | O64: 45045 | P64: =IF(ISBLANK(ReconciliationData[[#This Row],[Invoice_ID]]),1,0) -> 0 | Q64: =IF(AND(NOT(ISBLANK(ReconciliationData[[#This Row],[Billed_Units]])),ReconciliationData[[#This Row],[ordered_units]]<>ReconciliationData[[#This Row],[Billed_Units]]),1,0) -> 0 | R64: =IF(AND(NOT(ISBLANK(ReconciliationData[[#This Row],[Billed_Price]])),NOT(ISBLANK(ReconciliationData[[#This Row],[List_Price]])),ReconciliationData[[#This Row],[Billed_Price]]<>ReconciliationData[[#This Row],[List_Price]]),1,0) -> 0 | S64: =IF(AND(NOT(ISBLANK(ReconciliationData[[#This Row],[Contract_Price]])),ReconciliationData[[#This Row],[Billed_Price]]<>ReconciliationData[[#This Row],[Contract_Price]]),1,0) -> 0 | T64: =IF(AND(NOT(ISBLANK(ReconciliationData[[#This Row],[End_Date]])),ReconciliationData[[#This Row],[Order_Date]]>ReconciliationData[[#This Row],[End_Date]]),1,0) -> 0 | U64: =IF(AND(NOT(ISBLANK(ReconciliationData[[#This Row],[last_return_date]])),ReconciliationData[[#This Row],[last_return_date]]>ReconciliationData[[#This Row],[Order_Date]]+60),1,0) -> 0 | V64: =IF(ReconciliationData[[#This Row],[total_returned_units]]>ReconciliationData[[#This Row],[ordered_units]],1,0) -> 0 | W64: =IF( OR(ReconciliationData[[#This Row],[missing_invoice]]=1, ReconciliationData[[#This Row],[unit_mismatch]]=1, ReconciliationData[[#This Row],[list_price_mismatch]]=1, ReconciliationData[[#This Row],[contract_price_mismatch]]=1, ReconciliationData[[#This Row],[expired_contract]]=1, ReconciliationData[[#This Row],[late_return]]=1, ReconciliationData[[#This Row],[over_return]]=1), "FAIL","PASS") -> PASS | X64: =ReconciliationData[[#This Row],[Billed_Units]]*ReconciliationData[[#This Row],[Billed_Price]] -> 17073.903 | Y64: =ReconciliationData[[#This Row],[ordered_units]]*ReconciliationData[[#This Row],[List_Price]] -> 17073.903 | Z64: =ReconciliationData[[#This Row],[billed_revenue]]-ReconciliationData[[#This Row],[expected_revenue]] -> 0 | AA64: =ReconciliationData[[#This Row],[missing_invoice]]*5 + ReconciliationData[[#This Row],[unit_mismatch]]*3 + ReconciliationData[[#This Row],[list_price_mismatch]]*4 + ReconciliationData[[#This Row],[contract_price_mismatch]]*4 + ReconciliationData[[#This Row],[expired_contract]]*4 + ReconciliationData[[#This Row],[late_return]]*2 + ReconciliationData[[#This Row],[over_return]]*3 + IF(ABS(ReconciliationData[[#This Row],[revenue_variance]])>500,5,0) -> 0 | AB64: =IF(ReconciliationData[[#This Row],[severity_score]]=0,"LOW", IF(ReconciliationData[[#This Row],[severity_score]]<=5,"MEDIUM","HIGH")) -> LOW | AC64: =TEXT(ReconciliationData[[#This Row],[Order_Date]],"YYYY-MM") -> 2023-10
A65: ORD00064 | B65: 45214 | C65: CUST0702 | D65: PROD143 | E65: 111 | F65: INV00064 | G65: 111 | H65: 601.3293 | N65: 601.3293 | O65: 44962 | P65: =IF(ISBLANK(ReconciliationData[[#This Row],[Invoice_ID]]),1,0) -> 0 | Q65: =IF(AND(NOT(ISBLANK(ReconciliationData[[#This Row],[Billed_Units]])),ReconciliationData[[#This Row],[ordered_units]]<>ReconciliationData[[#This Row],[Billed_Units]]),1,0) -> 0 | R65: =IF(AND(NOT(ISBLANK(ReconciliationData[[#This Row],[Billed_Price]])),NOT(ISBLANK(ReconciliationData[[#This Row],[List_Price]])),ReconciliationData[[#This Row],[Billed_Price]]<>ReconciliationData[[#This Row],[List_Price]]),1,0) -> 0 | S65: =IF(AND(NOT(ISBLANK(ReconciliationData[[#This Row],[Contract_Price]])),ReconciliationData[[#This Row],[Billed_Price]]<>ReconciliationData[[#This Row],[Contract_Price]]),1,0) -> 0 | T65: =IF(AND(NOT(ISBLANK(ReconciliationData[[#This Row],[End_Date]])),ReconciliationData[[#This Row],[Order_Date]]>ReconciliationData[[#This Row],[End_Date]]),1,0) -> 0 | U65: =IF(AND(NOT(ISBLANK(ReconciliationData[[#This Row],[last_return_date]])),ReconciliationData[[#This Row],[last_return_date]]>ReconciliationData[[#This Row],[Order_Date]]+60),1,0) -> 0 | V65: =IF(ReconciliationData[[#This Row],[total_returned_units]]>ReconciliationData[[#This Row],[ordered_units]],1,0) -> 0 | W65: =IF( OR(ReconciliationData[[#This Row],[missing_invoice]]=1, ReconciliationData[[#This Row],[unit_mismatch]]=1, ReconciliationData[[#This Row],[list_price_mismatch]]=1, ReconciliationData[[#This Row],[contract_price_mismatch]]=1, ReconciliationData[[#This Row],[expired_contract]]=1, ReconciliationData[[#This Row],[late_return]]=1, ReconciliationData[[#This Row],[over_return]]=1), "FAIL","PASS") -> PASS | X65: =ReconciliationData[[#This Row],[Billed_Units]]*ReconciliationData[[#This Row],[Billed_Price]] -> 66747.552 | Y65: =ReconciliationData[[#This Row],[ordered_units]]*ReconciliationData[[#This Row],[List_Price]] -> 66747.552 | Z65: =ReconciliationData[[#This Row],[billed_revenue]]-ReconciliationData[[#This Row],[expected_revenue]] -> 0 | AA65: =ReconciliationData[[#This Row],[missing_invoice]]*5 + ReconciliationData[[#This Row],[unit_mismatch]]*3 + ReconciliationData[[#This Row],[list_price_mismatch]]*4 + ReconciliationData[[#This Row],[contract_price_mismatch]]*4 + ReconciliationData[[#This Row],[expired_contract]]*4 + ReconciliationData[[#This Row],[late_return]]*2 + ReconciliationData[[#This Row],[over_return]]*3 + IF(ABS(ReconciliationData[[#This Row],[revenue_variance]])>500,5,0) -> 0 | AB65: =IF(ReconciliationData[[#This Row],[severity_score]]=0,"LOW", IF(ReconciliationData[[#This Row],[severity_score]]<=5,"MEDIUM","HIGH")) -> LOW | AC65: =TEXT(ReconciliationData[[#This Row],[Order_Date]],"YYYY-MM") -> 2023-10
A66: ORD00065 | B66: 45090 | C66: CUST0498 | D66: PROD022 | E66: 193 | F66: INV00065 | G66: 193 | H66: 942.5484 | N66: 942.5484 | O66: 45086 | P66: =IF(ISBLANK(ReconciliationData[[#This Row],[Invoice_ID]]),1,0) -> 0 | Q66: =IF(AND(NOT(ISBLANK(ReconciliationData[[#This Row],[Billed_Units]])),ReconciliationData[[#This Row],[ordered_units]]<>ReconciliationData[[#This Row],[Billed_Units]]),1,0) -> 0 | R66: =IF(AND(NOT(ISBLANK(ReconciliationData[[#This Row],[Billed_Price]])),NOT(ISBLANK(ReconciliationData[[#This Row],[List_Price]])),ReconciliationData[[#This Row],[Billed_Price]]<>ReconciliationData[[#This Row],[List_Price]]),1,0) -> 0 | S66: =IF(AND(NOT(ISBLANK(ReconciliationData[[#This Row],[Contract_Price]])),ReconciliationData[[#This Row],[Billed_Price]]<>ReconciliationData[[#This Row],[Contract_Price]]),1,0) -> 0 | T66: =IF(AND(NOT(ISBLANK(ReconciliationData[[#This Row],[End_Date]])),ReconciliationData[[#This Row],[Order_Date]]>ReconciliationData[[#This Row],[End_Date]]),1,0) -> 0 | U66: =IF(AND(NOT(ISBLANK(ReconciliationData[[#This Row],[last_return_date]])),ReconciliationData[[#This Row],[last_return_date]]>ReconciliationData[[#This Row],[Order_Date]]+60),1,0) -> 0 | V66: =IF(ReconciliationData[[#This Row],[total_returned_units]]>ReconciliationData[[#This Row],[ordered_units]],1,0) -> 0 | W66: =IF( OR(ReconciliationData[[#This Row],[missing_invoice]]=1, ReconciliationData[[#This Row],[unit_mismatch]]=1, ReconciliationData[[#This Row],[list_price_mismatch]]=1, ReconciliationData[[#This Row],[contract_price_mismatch]]=1, ReconciliationData[[#This Row],[expired_contract]]=1, ReconciliationData[[#This Row],[late_return]]=1, ReconciliationData[[#This Row],[over_return]]=1), "FAIL","PASS") -> PASS | X66: =ReconciliationData[[#This Row],[Billed_Units]]*ReconciliationData[[#This Row],[Billed_Price]] -> 181911.84 | Y66: =ReconciliationData[[#This Row],[ordered_units]]*ReconciliationData[[#This Row],[List_Price]] -> 181911.84 | Z66: =ReconciliationData[[#This Row],[billed_revenue]]-ReconciliationData[[#This Row],[expected_revenue]] -> 0 | AA66: =ReconciliationData[[#This Row],[missing_invoice]]*5 + ReconciliationData[[#This Row],[unit_mismatch]]*3 + ReconciliationData[[#This Row],[list_price_mismatch]]*4 + ReconciliationData[[#This Row],[contract_price_mismatch]]*4 + ReconciliationData[[#This Row],[expired_contract]]*4 + ReconciliationData[[#This Row],[late_return]]*2 + ReconciliationData[[#This Row],[over_return]]*3 + IF(ABS(ReconciliationData[[#This Row],[revenue_variance]])>500,5,0) -> 0 | AB66: =IF(ReconciliationData[[#This Row],[severity_score]]=0,"LOW", IF(ReconciliationData[[#This Row],[severity_score]]<=5,"MEDIUM","HIGH")) -> LOW | AC66: =TEXT(ReconciliationData[[#This Row],[Order_Date]],"YYYY-MM") -> 2023-06
A67: ORD00066 | B67: 45040 | C67: CUST0436 | D67: PROD275 | E67: 89 | F67: INV00066 | G67: 89 | H67: 1087.8192 | N67: 1087.8192 | O67: 44844 | P67: =IF(ISBLANK(ReconciliationData[[#This Row],[Invoice_ID]]),1,0) -> 0 | Q67: =IF(AND(NOT(ISBLANK(ReconciliationData[[#This Row],[Billed_Units]])),ReconciliationData[[#This Row],[ordered_units]]<>ReconciliationData[[#This Row],[Billed_Units]]),1,0) -> 0 | R67: =IF(AND(NOT(ISBLANK(ReconciliationData[[#This Row],[Billed_Price]])),NOT(ISBLANK(ReconciliationData[[#This Row],[List_Price]])),ReconciliationData[[#This Row],[Billed_Price]]<>ReconciliationData[[#This Row],[List_Price]]),1,0) -> 0 | S67: =IF(AND(NOT(ISBLANK(ReconciliationData[[#This Row],[Contract_Price]])),ReconciliationData[[#This Row],[Billed_Price]]<>ReconciliationData[[#This Row],[Contract_Price]]),1,0) -> 0 | T67: =IF(AND(NOT(ISBLANK(ReconciliationData[[#This Row],[End_Date]])),ReconciliationData[[#This Row],[Order_Date]]>ReconciliationData[[#This Row],[End_Date]]),1,0) -> 0 | U67: =IF(AND(NOT(ISBLANK(ReconciliationData[[#This Row],[last_return_date]])),ReconciliationData[[#This Row],[last_return_date]]>ReconciliationData[[#This Row],[Order_Date]]+60),1,0) -> 0 | V67: =IF(ReconciliationData[[#This Row],[total_returned_units]]>ReconciliationData[[#This Row],[ordered_units]],1,0) -> 0 | W67: =IF( OR(ReconciliationData[[#This Row],[missing_invoice]]=1, ReconciliationData[[#This Row],[unit_mismatch]]=1, ReconciliationData[[#This Row],[list_price_mismatch]]=1, ReconciliationData[[#This Row],[contract_price_mismatch]]=1, ReconciliationData[[#This Row],[expired_contract]]=1, ReconciliationData[[#This Row],[late_return]]=1, ReconciliationData[[#This Row],[over_return]]=1), "FAIL","PASS") -> PASS | X67: =ReconciliationData[[#This Row],[Billed_Units]]*ReconciliationData[[#This Row],[Billed_Price]] -> 96815.909 | Y67: =ReconciliationData[[#This Row],[ordered_units]]*ReconciliationData[[#This Row],[List_Price]] -> 96815.909 | Z67: =ReconciliationData[[#This Row],[billed_revenue]]-ReconciliationData[[#This Row],[expected_revenue]] -> 0 | AA67: =ReconciliationData[[#This Row],[missing_invoice]]*5 + ReconciliationData[[#This Row],[unit_mismatch]]*3 + ReconciliationData[[#This Row],[list_price_mismatch]]*4 + ReconciliationData[[#This Row],[contract_price_mismatch]]*4 + ReconciliationData[[#This Row],[expired_contract]]*4 + ReconciliationData[[#This Row],[late_return]]*2 + ReconciliationData[[#This Row],[over_return]]*3 + IF(ABS(ReconciliationData[[#This Row],[revenue_variance]])>500,5,0) -> 0 | AB67: =IF(ReconciliationData[[#This Row],[severity_score]]=0,"LOW", IF(ReconciliationData[[#This Row],[severity_score]]<=5,"MEDIUM","HIGH")) -> LOW | AC67: =TEXT(ReconciliationData[[#This Row],[Order_Date]],"YYYY-MM") -> 2023-04
A68: ORD00067 | B68: 45521 | C68: CUST0788 | D68: PROD196 | E68: 174 | F68: INV00067 | G68: 174 | H68: 759.4897 | N68: 759.4897 | O68: 45138 | P68: =IF(ISBLANK(ReconciliationData[[#This Row],[Invoice_ID]]),1,0) -> 0 | Q68: =IF(AND(NOT(ISBLANK(ReconciliationData[[#This Row],[Billed_Units]])),ReconciliationData[[#This Row],[ordered_units]]<>ReconciliationData[[#This Row],[Billed_Units]]),1,0) -> 0 | R68: =IF(AND(NOT(ISBLANK(ReconciliationData[[#This Row],[Billed_Price]])),NOT(ISBLANK(ReconciliationData[[#This Row],[List_Price]])),ReconciliationData[[#This Row],[Billed_Price]]<>ReconciliationData[[#This Row],[List_Price]]),1,0) -> 0 | S68: =IF(AND(NOT(ISBLANK(ReconciliationData[[#This Row],[Contract_Price]])),ReconciliationData[[#This Row],[Billed_Price]]<>ReconciliationData[[#This Row],[Contract_Price]]),1,0) -> 0 | T68: =IF(AND(NOT(ISBLANK(ReconciliationData[[#This Row],[End_Date]])),ReconciliationData[[#This Row],[Order_Date]]>ReconciliationData[[#This Row],[End_Date]]),1,0) -> 0 | U68: =IF(AND(NOT(ISBLANK(ReconciliationData[[#This Row],[last_return_date]])),ReconciliationData[[#This Row],[last_return_date]]>ReconciliationData[[#This Row],[Order_Date]]+60),1,0) -> 0 | V68: =IF(ReconciliationData[[#This Row],[total_returned_units]]>ReconciliationData[[#This Row],[ordered_units]],1,0) -> 0 | W68: =IF( OR(ReconciliationData[[#This Row],[missing_invoice]]=1, ReconciliationData[[#This Row],[unit_mismatch]]=1, ReconciliationData[[#This Row],[list_price_mismatch]]=1, ReconciliationData[[#This Row],[contract_price_mismatch]]=1, ReconciliationData[[#This Row],[expired_contract]]=1, ReconciliationData[[#This Row],[late_return]]=1, ReconciliationData[[#This Row],[over_return]]=1), "FAIL","PASS") -> PASS | X68: =ReconciliationData[[#This Row],[Billed_Units]]*ReconciliationData[[#This Row],[Billed_Price]] -> 132151.21 | Y68: =ReconciliationData[[#This Row],[ordered_units]]*ReconciliationData[[#This Row],[List_Price]] -> 132151.21 | Z68: =ReconciliationData[[#This Row],[billed_revenue]]-ReconciliationData[[#This Row],[expected_revenue]] -> 0 | AA68: =ReconciliationData[[#This Row],[missing_invoice]]*5 + ReconciliationData[[#This Row],[unit_mismatch]]*3 + ReconciliationData[[#This Row],[list_price_mismatch]]*4 + ReconciliationData[[#This Row],[contract_price_mismatch]]*4 + ReconciliationData[[#This Row],[expired_contract]]*4 + ReconciliationData[[#This Row],[late_return]]*2 + ReconciliationData[[#This Row],[over_return]]*3 + IF(ABS(ReconciliationData[[#This Row],[revenue_variance]])>500,5,0) -> 0 | AB68: =IF(ReconciliationData[[#This Row],[severity_score]]=0,"LOW", IF(ReconciliationData[[#This Row],[severity_score]]<=5,"MEDIUM","HIGH")) -> LOW | AC68: =TEXT(ReconciliationData[[#This Row],[Order_Date]],"YYYY-MM") -> 2024-08
A69: ORD00068 | B69: 45236 | C69: CUST0574 | D69: PROD237 | E69: 4 | F69: INV00068 | G69: 4 | H69: 1080.074 | N69: 1080.074 | O69: 45058 | P69: =IF(ISBLANK(ReconciliationData[[#This Row],[Invoice_ID]]),1,0) -> 0 | Q69: =IF(AND(NOT(ISBLANK(ReconciliationData[[#This Row],[Billed_Units]])),ReconciliationData[[#This Row],[ordered_units]]<>ReconciliationData[[#This Row],[Billed_Units]]),1,0) -> 0 | R69: =IF(AND(NOT(ISBLANK(ReconciliationData[[#This Row],[Billed_Price]])),NOT(ISBLANK(ReconciliationData[[#This Row],[List_Price]])),ReconciliationData[[#This Row],[Billed_Price]]<>ReconciliationData[[#This Row],[List_Price]]),1,0) -> 0 | S69: =IF(AND(NOT(ISBLANK(ReconciliationData[[#This Row],[Contract_Price]])),ReconciliationData[[#This Row],[Billed_Price]]<>ReconciliationData[[#This Row],[Contract_Price]]),1,0) -> 0 | T69: =IF(AND(NOT(ISBLANK(ReconciliationData[[#This Row],[End_Date]])),ReconciliationData[[#This Row],[Order_Date]]>ReconciliationData[[#This Row],[End_Date]]),1,0) -> 0 | U69: =IF(AND(NOT(ISBLANK(ReconciliationData[[#This Row],[last_return_date]])),ReconciliationData[[#This Row],[last_return_date]]>ReconciliationData[[#This Row],[Order_Date]]+60),1,0) -> 0 | V69: =IF(ReconciliationData[[#This Row],[total_returned_units]]>ReconciliationData[[#This Row],[ordered_units]],1,0) -> 0 | W69: =IF( OR(ReconciliationData[[#This Row],[missing_invoice]]=1, ReconciliationData[[#This Row],[unit_mismatch]]=1, ReconciliationData[[#This Row],[list_price_mismatch]]=1, ReconciliationData[[#This Row],[contract_price_mismatch]]=1, ReconciliationData[[#This Row],[expired_contract]]=1, ReconciliationData[[#This Row],[late_return]]=1, ReconciliationData[[#This Row],[over_return]]=1), "FAIL","PASS") -> PASS | X69: =ReconciliationData[[#This Row],[Billed_Units]]*ReconciliationData[[#This Row],[Billed_Price]] -> 4320.296 | Y69: =ReconciliationData[[#This Row],[ordered_units]]*ReconciliationData[[#This Row],[List_Price]] -> 4320.296 | Z69: =ReconciliationData[[#This Row],[billed_revenue]]-ReconciliationData[[#This Row],[expected_revenue]] -> 0 | AA69: =ReconciliationData[[#This Row],[missing_invoice]]*5 + ReconciliationData[[#This Row],[unit_mismatch]]*3 + ReconciliationData[[#This Row],[list_price_mismatch]]*4 + ReconciliationData[[#This Row],[contract_price_mismatch]]*4 + ReconciliationData[[#This Row],[expired_contract]]*4 + ReconciliationData[[#This Row],[late_return]]*2 + ReconciliationData[[#This Row],[over_return]]*3 + IF(ABS(ReconciliationData[[#This Row],[revenue_variance]])>500,5,0) -> 0 | AB69: =IF(ReconciliationData[[#This Row],[severity_score]]=0,"LOW", IF(ReconciliationData[[#This Row],[severity_score]]<=5,"MEDIUM","HIGH")) -> LOW | AC69: =TEXT(ReconciliationData[[#This Row],[Order_Date]],"YYYY-MM") -> 2023-11
A70: ORD00069 | B70: 45203 | C70: CUST0606 | D70: PROD299 | E70: 71 | F70: INV00069 | G70: 71 | H70: 96.6 | N70: 96.6 | O70: 45105 | P70: =IF(ISBLANK(ReconciliationData[[#This Row],[Invoice_ID]]),1,0) -> 0 | Q70: =IF(AND(NOT(ISBLANK(ReconciliationData[[#This Row],[Billed_Units]])),ReconciliationData[[#This Row],[ordered_units]]<>ReconciliationData[[#This Row],[Billed_Units]]),1,0) -> 0 | R70: =IF(AND(NOT(ISBLANK(ReconciliationData[[#This Row],[Billed_Price]])),NOT(ISBLANK(ReconciliationData[[#This Row],[List_Price]])),ReconciliationData[[#This Row],[Billed_Price]]<>ReconciliationData[[#This Row],[List_Price]]),1,0) -> 0 | S70: =IF(AND(NOT(ISBLANK(ReconciliationData[[#This Row],[Contract_Price]])),ReconciliationData[[#This Row],[Billed_Price]]<>ReconciliationData[[#This Row],[Contract_Price]]),1,0) -> 0 | T70: =IF(AND(NOT(ISBLANK(ReconciliationData[[#This Row],[End_Date]])),ReconciliationData[[#This Row],[Order_Date]]>ReconciliationData[[#This Row],[End_Date]]),1,0) -> 0 | U70: =IF(AND(NOT(ISBLANK(ReconciliationData[[#This Row],[last_return_date]])),ReconciliationData[[#This Row],[last_return_date]]>ReconciliationData[[#This Row],[Order_Date]]+60),1,0) -> 0 | V70: =IF(ReconciliationData[[#This Row],[total_returned_units]]>ReconciliationData[[#This Row],[ordered_units]],1,0) -> 0 | W70: =IF( OR(ReconciliationData[[#This Row],[missing_invoice]]=1, ReconciliationData[[#This Row],[unit_mismatch]]=1, ReconciliationData[[#This Row],[list_price_mismatch]]=1, ReconciliationData[[#This Row],[contract_price_mismatch]]=1, ReconciliationData[[#This Row],[expired_contract]]=1, ReconciliationData[[#This Row],[late_return]]=1, ReconciliationData[[#This Row],[over_return]]=1), "FAIL","PASS") -> PASS | X70: =ReconciliationData[[#This Row],[Billed_Units]]*ReconciliationData[[#This Row],[Billed_Price]] -> 6858.6 | Y70: =ReconciliationData[[#This Row],[ordered_units]]*ReconciliationData[[#This Row],[List_Price]] -> 6858.6 | Z70: =ReconciliationData[[#This Row],[billed_revenue]]-ReconciliationData[[#This Row],[expected_revenue]] -> 0 | AA70: =ReconciliationData[[#This Row],[missing_invoice]]*5 + ReconciliationData[[#This Row],[unit_mismatch]]*3 + ReconciliationData[[#This Row],[list_price_mismatch]]*4 + ReconciliationData[[#This Row],[contract_price_mismatch]]*4 + ReconciliationData[[#This Row],[expired_contract]]*4 + ReconciliationData[[#This Row],[late_return]]*2 + ReconciliationData[[#This Row],[over_return]]*3 + IF(ABS(ReconciliationData[[#This Row],[revenue_variance]])>500,5,0) -> 0 | AB70: =IF(ReconciliationData[[#This Row],[severity_score]]=0,"LOW", IF(ReconciliationData[[#This Row],[severity_score]]<=5,"MEDIUM","HIGH")) -> LOW | AC70: =TEXT(ReconciliationData[[#This Row],[Order_Date]],"YYYY-MM") -> 2023-10
A71: ORD00070 | B71: 45075 | C71: CUST0246 | D71: PROD199 | E71: 6 | F71: INV00070 | G71: 6 | H71: 248.2445 | N71: 248.2445 | O71: 44933 | P71: =IF(ISBLANK(ReconciliationData[[#This Row],[Invoice_ID]]),1,0) -> 0 | Q71: =IF(AND(NOT(ISBLANK(ReconciliationData[[#This Row],[Billed_Units]])),ReconciliationData[[#This Row],[ordered_units]]<>ReconciliationData[[#This Row],[Billed_Units]]),1,0) -> 0 | R71: =IF(AND(NOT(ISBLANK(ReconciliationData[[#This Row],[Billed_Price]])),NOT(ISBLANK(ReconciliationData[[#This Row],[List_Price]])),ReconciliationData[[#This Row],[Billed_Price]]<>ReconciliationData[[#This Row],[List_Price]]),1,0) -> 0 | S71: =IF(AND(NOT(ISBLANK(ReconciliationData[[#This Row],[Contract_Price]])),ReconciliationData[[#This Row],[Billed_Price]]<>ReconciliationData[[#This Row],[Contract_Price]]),1,0) -> 0 | T71: =IF(AND(NOT(ISBLANK(ReconciliationData[[#This Row],[End_Date]])),ReconciliationData[[#This Row],[Order_Date]]>ReconciliationData[[#This Row],[End_Date]]),1,0) -> 0 | U71: =IF(AND(NOT(ISBLANK(ReconciliationData[[#This Row],[last_return_date]])),ReconciliationData[[#This Row],[last_return_date]]>ReconciliationData[[#This Row],[Order_Date]]+60),1,0) -> 0 | V71: =IF(ReconciliationData[[#This Row],[total_returned_units]]>ReconciliationData[[#This Row],[ordered_units]],1,0) -> 0 | W71: =IF( OR(ReconciliationData[[#This Row],[missing_invoice]]=1, ReconciliationData[[#This Row],[unit_mismatch]]=1, ReconciliationData[[#This Row],[list_price_mismatch]]=1, ReconciliationData[[#This Row],[contract_price_mismatch]]=1, ReconciliationData[[#This Row],[expired_contract]]=1, ReconciliationData[[#This Row],[late_return]]=1, ReconciliationData[[#This Row],[over_return]]=1), "FAIL","PASS") -> PASS | X71: =ReconciliationData[[#This Row],[Billed_Units]]*ReconciliationData[[#This Row],[Billed_Price]] -> 1489.467 | Y71: =ReconciliationData[[#This Row],[ordered_units]]*ReconciliationData[[#This Row],[List_Price]] -> 1489.467 | Z71: =ReconciliationData[[#This Row],[billed_revenue]]-ReconciliationData[[#This Row],[expected_revenue]] -> 0 | AA71: =ReconciliationData[[#This Row],[missing_invoice]]*5 + ReconciliationData[[#This Row],[unit_mismatch]]*3 + ReconciliationData[[#This Row],[list_price_mismatch]]*4 + ReconciliationData[[#This Row],[contract_price_mismatch]]*4 + ReconciliationData[[#This Row],[expired_contract]]*4 + ReconciliationData[[#This Row],[late_return]]*2 + ReconciliationData[[#This Row],[over_return]]*3 + IF(ABS(ReconciliationData[[#This Row],[revenue_variance]])>500,5,0) -> 0 | AB71: =IF(ReconciliationData[[#This Row],[severity_score]]=0,"LOW", IF(ReconciliationData[[#This Row],[severity_score]]<=5,"MEDIUM","HIGH")) -> LOW | AC71: =TEXT(ReconciliationData[[#This Row],[Order_Date]],"YYYY-MM") -> 2023-05
A72: ORD00071 | B72: 45452 | C72: CUST0623 | D72: PROD123 | E72: 194 | F72: INV00071 | G72: 194 | H72: 1129.6166 | N72: 1129.6166 | O72: 44960 | P72: =IF(ISBLANK(ReconciliationData[[#This Row],[Invoice_ID]]),1,0) -> 0 | Q72: =IF(AND(NOT(ISBLANK(ReconciliationData[[#This Row],[Billed_Units]])),ReconciliationData[[#This Row],[ordered_units]]<>ReconciliationData[[#This Row],[Billed_Units]]),1,0) -> 0 | R72: =IF(AND(NOT(ISBLANK(ReconciliationData[[#This Row],[Billed_Price]])),NOT(ISBLANK(ReconciliationData[[#This Row],[List_Price]])),ReconciliationData[[#This Row],[Billed_Price]]<>ReconciliationData[[#This Row],[List_Price]]),1,0) -> 0 | S72: =IF(AND(NOT(ISBLANK(ReconciliationData[[#This Row],[Contract_Price]])),ReconciliationData[[#This Row],[Billed_Price]]<>ReconciliationData[[#This Row],[Contract_Price]]),1,0) -> 0 | T72: =IF(AND(NOT(ISBLANK(ReconciliationData[[#This Row],[End_Date]])),ReconciliationData[[#This Row],[Order_Date]]>ReconciliationData[[#This Row],[End_Date]]),1,0) -> 0 | U72: =IF(AND(NOT(ISBLANK(ReconciliationData[[#This Row],[last_return_date]])),ReconciliationData[[#This Row],[last_return_date]]>ReconciliationData[[#This Row],[Order_Date]]+60),1,0) -> 0 | V72: =IF(ReconciliationData[[#This Row],[total_returned_units]]>ReconciliationData[[#This Row],[ordered_units]],1,0) -> 0 | W72: =IF( OR(ReconciliationData[[#This Row],[missing_invoice]]=1, ReconciliationData[[#This Row],[unit_mismatch]]=1, ReconciliationData[[#This Row],[list_price_mismatch]]=1, ReconciliationData[[#This Row],[contract_price_mismatch]]=1, ReconciliationData[[#This Row],[expired_contract]]=1, ReconciliationData[[#This Row],[late_return]]=1, ReconciliationData[[#This Row],[over_return]]=1), "FAIL","PASS") -> PASS | X72: =ReconciliationData[[#This Row],[Billed_Units]]*ReconciliationData[[#This Row],[Billed_Price]] -> 219145.62 | Y72: =ReconciliationData[[#This Row],[ordered_units]]*ReconciliationData[[#This Row],[List_Price]] -> 219145.62 | Z72: =ReconciliationData[[#This Row],[billed_revenue]]-ReconciliationData[[#This Row],[expected_revenue]] -> 0 | AA72: =ReconciliationData[[#This Row],[missing_invoice]]*5 + ReconciliationData[[#This Row],[unit_mismatch]]*3 + ReconciliationData[[#This Row],[list_price_mismatch]]*4 + ReconciliationData[[#This Row],[contract_price_mismatch]]*4 + ReconciliationData[[#This Row],[expired_contract]]*4 + ReconciliationData[[#This Row],[late_return]]*2 + ReconciliationData[[#This Row],[over_return]]*3 + IF(ABS(ReconciliationData[[#This Row],[revenue_variance]])>500,5,0) -> 0 | AB72: =IF(ReconciliationData[[#This Row],[severity_score]]=0,"LOW", IF(ReconciliationData[[#This Row],[severity_score]]<=5,"MEDIUM","HIGH")) -> LOW | AC72: =TEXT(ReconciliationData[[#This Row],[Order_Date]],"YYYY-MM") -> 2024-06
A73: ORD00072 | B73: 45487 | C73: CUST0143 | D73: PROD182 | E73: 167 | F73: INV00072 | G73: 167 | H73: 660.9604 | N73: 660.9604 | O73: 44947 | P73: =IF(ISBLANK(ReconciliationData[[#This Row],[Invoice_ID]]),1,0) -> 0 | Q73: =IF(AND(NOT(ISBLANK(ReconciliationData[[#This Row],[Billed_Units]])),ReconciliationData[[#This Row],[ordered_units]]<>ReconciliationData[[#This Row],[Billed_Units]]),1,0) -> 0 | R73: =IF(AND(NOT(ISBLANK(ReconciliationData[[#This Row],[Billed_Price]])),NOT(ISBLANK(ReconciliationData[[#This Row],[List_Price]])),ReconciliationData[[#This Row],[Billed_Price]]<>ReconciliationData[[#This Row],[List_Price]]),1,0) -> 0 | S73: =IF(AND(NOT(ISBLANK(ReconciliationData[[#This Row],[Contract_Price]])),ReconciliationData[[#This Row],[Billed_Price]]<>ReconciliationData[[#This Row],[Contract_Price]]),1,0) -> 0 | T73: =IF(AND(NOT(ISBLANK(ReconciliationData[[#This Row],[End_Date]])),ReconciliationData[[#This Row],[Order_Date]]>ReconciliationData[[#This Row],[End_Date]]),1,0) -> 0 | U73: =IF(AND(NOT(ISBLANK(ReconciliationData[[#This Row],[last_return_date]])),ReconciliationData[[#This Row],[last_return_date]]>ReconciliationData[[#This Row],[Order_Date]]+60),1,0) -> 0 | V73: =IF(ReconciliationData[[#This Row],[total_returned_units]]>ReconciliationData[[#This Row],[ordered_units]],1,0) -> 0 | W73: =IF( OR(ReconciliationData[[#This Row],[missing_invoice]]=1, ReconciliationData[[#This Row],[unit_mismatch]]=1, ReconciliationData[[#This Row],[list_price_mismatch]]=1, ReconciliationData[[#This Row],[contract_price_mismatch]]=1, ReconciliationData[[#This Row],[expired_contract]]=1, ReconciliationData[[#This Row],[late_return]]=1, ReconciliationData[[#This Row],[over_return]]=1), "FAIL","PASS") -> PASS | X73: =ReconciliationData[[#This Row],[Billed_Units]]*ReconciliationData[[#This Row],[Billed_Price]] -> 110380.39 | Y73: =ReconciliationData[[#This Row],[ordered_units]]*ReconciliationData[[#This Row],[List_Price]] -> 110380.39 | Z73: =ReconciliationData[[#This Row],[billed_revenue]]-ReconciliationData[[#This Row],[expected_revenue]] -> 0 | AA73: =ReconciliationData[[#This Row],[missing_invoice]]*5 + ReconciliationData[[#This Row],[unit_mismatch]]*3 + ReconciliationData[[#This Row],[list_price_mismatch]]*4 + ReconciliationData[[#This Row],[contract_price_mismatch]]*4 + ReconciliationData[[#This Row],[expired_contract]]*4 + ReconciliationData[[#This Row],[late_return]]*2 + ReconciliationData[[#This Row],[over_return]]*3 + IF(ABS(ReconciliationData[[#This Row],[revenue_variance]])>500,5,0) -> 0 | AB73: =IF(ReconciliationData[[#This Row],[severity_score]]=0,"LOW", IF(ReconciliationData[[#This Row],[severity_score]]<=5,"MEDIUM","HIGH")) -> LOW | AC73: =TEXT(ReconciliationData[[#This Row],[Order_Date]],"YYYY-MM") -> 2024-07
... A83: ORD00082 | B83: 45226 | C83: CUST0165 | D83: PROD179 | E83: 89 | F83: INV00082 | G83: 89 | H83: 791.3536 | N83: 791.3536 | O83: 45097 | P83: =IF(ISBLANK(ReconciliationData[[#This Row],[Invoice_ID]]),1,0) -> 0 | Q83: =IF(AND(NOT(ISBLANK(ReconciliationData[[#This Row],[Billed_Units]])),ReconciliationData[[#This Row],[ordered_units]]<>ReconciliationData[[#This Row],[Billed_Units]]),1,0) -> 0 | R83: =IF(AND(NOT(ISBLANK(ReconciliationData[[#This Row],[Billed_Price]])),NOT(ISBLANK(ReconciliationData[[#This Row],[List_Price]])),ReconciliationData[[#This Row],[Billed_Price]]<>ReconciliationData[[#This Row],[List_Price]]),1,0) -> 0 | S83: =IF(AND(NOT(ISBLANK(ReconciliationData[[#This Row],[Contract_Price]])),ReconciliationData[[#This Row],[Billed_Price]]<>ReconciliationData[[#This Row],[Contract_Price]]),1,0) -> 0 | T83: =IF(AND(NOT(ISBLANK(ReconciliationData[[#This Row],[End_Date]])),ReconciliationData[[#This Row],[Order_Date]]>ReconciliationData[[#This Row],[End_Date]]),1,0) -> 0 | U83: =IF(AND(NOT(ISBLANK(ReconciliationData[[#This Row],[last_return_date]])),ReconciliationData[[#This Row],[last_return_date]]>ReconciliationData[[#This Row],[Order_Date]]+60),1,0) -> 0 | V83: =IF(ReconciliationData[[#This Row],[total_returned_units]]>ReconciliationData[[#This Row],[ordered_units]],1,0) -> 0 | W83: =IF( OR(ReconciliationData[[#This Row],[missing_invoice]]=1, ReconciliationData[[#This Row],[unit_mismatch]]=1, ReconciliationData[[#This Row],[list_price_mismatch]]=1, ReconciliationData[[#This Row],[contract_price_mismatch]]=1, ReconciliationData[[#This Row],[expired_contract]]=1, ReconciliationData[[#This Row],[late_return]]=1, ReconciliationData[[#This Row],[over_return]]=1), "FAIL","PASS") -> PASS | X83: =ReconciliationData[[#This Row],[Billed_Units]]*ReconciliationData[[#This Row],[Billed_Price]] -> 70430.47 | Y83: =ReconciliationData[[#This Row],[ordered_units]]*ReconciliationData[[#This Row],[List_Price]] -> 70430.47 | Z83: =ReconciliationData[[#This Row],[billed_revenue]]-ReconciliationData[[#This Row],[expected_revenue]] -> 0 | AA83: =ReconciliationData[[#This Row],[missing_invoice]]*5 + ReconciliationData[[#This Row],[unit_mismatch]]*3 + ReconciliationData[[#This Row],[list_price_mismatch]]*4 + ReconciliationData[[#This Row],[contract_price_mismatch]]*4 + ReconciliationData[[#This Row],[expired_contract]]*4 + ReconciliationData[[#This Row],[late_return]]*2 + ReconciliationData[[#This Row],[over_return]]*3 + IF(ABS(ReconciliationData[[#This Row],[revenue_variance]])>500,5,0) -> 0 | AB83: =IF(ReconciliationData[[#This Row],[severity_score]]=0,"LOW", IF(ReconciliationData[[#This Row],[severity_score]]<=5,"MEDIUM","HIGH")) -> LOW | AC83: =TEXT(ReconciliationData[[#This Row],[Order_Date]],"YYYY-MM") -> 2023-10
A84: ORD00083 | B84: 45137 | C84: CUST0749 | D84: PROD171 | E84: 53 | F84: INV00083 | G84: 53 | H84: 1006.5033 | I84: 2 | J84: 45653 | N84: 1006.5033 | O84: 45123 | P84: =IF(ISBLANK(ReconciliationData[[#This Row],[Invoice_ID]]),1,0) -> 0 | Q84: =IF(AND(NOT(ISBLANK(ReconciliationData[[#This Row],[Billed_Units]])),ReconciliationData[[#This Row],[ordered_units]]<>ReconciliationData[[#This Row],[Billed_Units]]),1,0) -> 0 | R84: =IF(AND(NOT(ISBLANK(ReconciliationData[[#This Row],[Billed_Price]])),NOT(ISBLANK(ReconciliationData[[#This Row],[List_Price]])),ReconciliationData[[#This Row],[Billed_Price]]<>ReconciliationData[[#This Row],[List_Price]]),1,0) -> 0 | S84: =IF(AND(NOT(ISBLANK(ReconciliationData[[#This Row],[Contract_Price]])),ReconciliationData[[#This Row],[Billed_Price]]<>ReconciliationData[[#This Row],[Contract_Price]]),1,0) -> 0 | T84: =IF(AND(NOT(ISBLANK(ReconciliationData[[#This Row],[End_Date]])),ReconciliationData[[#This Row],[Order_Date]]>ReconciliationData[[#This Row],[End_Date]]),1,0) -> 0 | U84: =IF(AND(NOT(ISBLANK(ReconciliationData[[#This Row],[last_return_date]])),ReconciliationData[[#This Row],[last_return_date]]>ReconciliationData[[#This Row],[Order_Date]]+60),1,0) -> 1 | V84: =IF(ReconciliationData[[#This Row],[total_returned_units]]>ReconciliationData[[#This Row],[ordered_units]],1,0) -> 0 | W84: =IF( OR(ReconciliationData[[#This Row],[missing_invoice]]=1, ReconciliationData[[#This Row],[unit_mismatch]]=1, ReconciliationData[[#This Row],[list_price_mismatch]]=1, ReconciliationData[[#This Row],[contract_price_mismatch]]=1, ReconciliationData[[#This Row],[expired_contract]]=1, ReconciliationData[[#This Row],[late_return]]=1, ReconciliationData[[#This Row],[over_return]]=1), "FAIL","PASS") -> FAIL | X84: =ReconciliationData[[#This Row],[Billed_Units]]*ReconciliationData[[#This Row],[Billed_Price]] -> 53344.675 | Y84: =ReconciliationData[[#This Row],[ordered_units]]*ReconciliationData[[#This Row],[List_Price]] -> 53344.675 | Z84: =ReconciliationData[[#This Row],[billed_revenue]]-ReconciliationData[[#This Row],[expected_revenue]] -> 0 | AA84: =ReconciliationData[[#This Row],[missing_invoice]]*5 + ReconciliationData[[#This Row],[unit_mismatch]]*3 + ReconciliationData[[#This Row],[list_price_mismatch]]*4 + ReconciliationData[[#This Row],[contract_price_mismatch]]*4 + ReconciliationData[[#This Row],[expired_contract]]*4 + ReconciliationData[[#This Row],[late_return]]*2 + ReconciliationData[[#This Row],[over_return]]*3 + IF(ABS(ReconciliationData[[#This Row],[revenue_variance]])>500,5,0) -> 2 | AB84: =IF(ReconciliationData[[#This Row],[severity_score]]=0,"LOW", IF(ReconciliationData[[#This Row],[severity_score]]<=5,"MEDIUM","HIGH")) -> MEDIUM | AC84: =TEXT(ReconciliationData[[#This Row],[Order_Date]],"YYYY-MM") -> 2023-07
A85: ORD00084 | B85: 45008 | C85: CUST0114 | D85: PROD216 | E85: 35 | F85: INV00084 | G85: 35 | H85: 1138.4856 | N85: 1138.4856 | O85: 44865 | P85: =IF(ISBLANK(ReconciliationData[[#This Row],[Invoice_ID]]),1,0) -> 0 | Q85: =IF(AND(NOT(ISBLANK(ReconciliationData[[#This Row],[Billed_Units]])),ReconciliationData[[#This Row],[ordered_units]]<>ReconciliationData[[#This Row],[Billed_Units]]),1,0) -> 0 | R85: =IF(AND(NOT(ISBLANK(ReconciliationData[[#This Row],[Billed_Price]])),NOT(ISBLANK(ReconciliationData[[#This Row],[List_Price]])),ReconciliationData[[#This Row],[Billed_Price]]<>ReconciliationData[[#This Row],[List_Price]]),1,0) -> 0 | S85: =IF(AND(NOT(ISBLANK(ReconciliationData[[#This Row],[Contract_Price]])),ReconciliationData[[#This Row],[Billed_Price]]<>ReconciliationData[[#This Row],[Contract_Price]]),1,0) -> 0 | T85: =IF(AND(NOT(ISBLANK(ReconciliationData[[#This Row],[End_Date]])),ReconciliationData[[#This Row],[Order_Date]]>ReconciliationData[[#This Row],[End_Date]]),1,0) -> 0 | U85: =IF(AND(NOT(ISBLANK(ReconciliationData[[#This Row],[last_return_date]])),ReconciliationData[[#This Row],[last_return_date]]>ReconciliationData[[#This Row],[Order_Date]]+60),1,0) -> 0 | V85: =IF(ReconciliationData[[#This Row],[total_returned_units]]>ReconciliationData[[#This Row],[ordered_units]],1,0) -> 0 | W85: =IF( OR(ReconciliationData[[#This Row],[missing_invoice]]=1, ReconciliationData[[#This Row],[unit_mismatch]]=1, ReconciliationData[[#This Row],[list_price_mismatch]]=1, ReconciliationData[[#This Row],[contract_price_mismatch]]=1, ReconciliationData[[#This Row],[expired_contract]]=1, ReconciliationData[[#This Row],[late_return]]=1, ReconciliationData[[#This Row],[over_return]]=1), "FAIL","PASS") -> PASS | X85: =ReconciliationData[[#This Row],[Billed_Units]]*ReconciliationData[[#This Row],[Billed_Price]] -> 39846.996 | Y85: =ReconciliationData[[#This Row],[ordered_units]]*ReconciliationData[[#This Row],[List_Price]] -> 39846.996 | Z85: =ReconciliationData[[#This Row],[billed_revenue]]-ReconciliationData[[#This Row],[expected_revenue]] -> 0 | AA85: =ReconciliationData[[#This Row],[missing_invoice]]*5 + ReconciliationData[[#This Row],[unit_mismatch]]*3 + ReconciliationData[[#This Row],[list_price_mismatch]]*4 + ReconciliationData[[#This Row],[contract_price_mismatch]]*4 + ReconciliationData[[#This Row],[expired_contract]]*4 + ReconciliationData[[#This Row],[late_return]]*2 + ReconciliationData[[#This Row],[over_return]]*3 + IF(ABS(ReconciliationData[[#This Row],[revenue_variance]])>500,5,0) -> 0 | AB85: =IF(ReconciliationData[[#This Row],[severity_score]]=0,"LOW", IF(ReconciliationData[[#This Row],[severity_score]]<=5,"MEDIUM","HIGH")) -> LOW | AC85: =TEXT(ReconciliationData[[#This Row],[Order_Date]],"YYYY-MM") -> 2023-03
A86: ORD00085 | B86: 45465 | C86: CUST0780 | D86: PROD264 | E86: 86 | F86: INV00085 | G86: 86 | H86: 492.384 | I86: 10 | J86: 45096 | N86: 492.384 | O86: 44966 | P86: =IF(ISBLANK(ReconciliationData[[#This Row],[Invoice_ID]]),1,0) -> 0 | Q86: =IF(AND(NOT(ISBLANK(ReconciliationData[[#This Row],[Billed_Units]])),ReconciliationData[[#This Row],[ordered_units]]<>ReconciliationData[[#This Row],[Billed_Units]]),1,0) -> 0 | R86: =IF(AND(NOT(ISBLANK(ReconciliationData[[#This Row],[Billed_Price]])),NOT(ISBLANK(ReconciliationData[[#This Row],[List_Price]])),ReconciliationData[[#This Row],[Billed_Price]]<>ReconciliationData[[#This Row],[List_Price]]),1,0) -> 0 | S86: =IF(AND(NOT(ISBLANK(ReconciliationData[[#This Row],[Contract_Price]])),ReconciliationData[[#This Row],[Billed_Price]]<>ReconciliationData[[#This Row],[Contract_Price]]),1,0) -> 0 | T86: =IF(AND(NOT(ISBLANK(ReconciliationData[[#This Row],[End_Date]])),ReconciliationData[[#This Row],[Order_Date]]>ReconciliationData[[#This Row],[End_Date]]),1,0) -> 0 | U86: =IF(AND(NOT(ISBLANK(ReconciliationData[[#This Row],[last_return_date]])),ReconciliationData[[#This Row],[last_return_date]]>ReconciliationData[[#This Row],[Order_Date]]+60),1,0) -> 0 | V86: =IF(ReconciliationData[[#This Row],[total_returned_units]]>ReconciliationData[[#This Row],[ordered_units]],1,0) -> 0 | W86: =IF( OR(ReconciliationData[[#This Row],[missing_invoice]]=1, ReconciliationData[[#This Row],[unit_mismatch]]=1, ReconciliationData[[#This Row],[list_price_mismatch]]=1, ReconciliationData[[#This Row],[contract_price_mismatch]]=1, ReconciliationData[[#This Row],[expired_contract]]=1, ReconciliationData[[#This Row],[late_return]]=1, ReconciliationData[[#This Row],[over_return]]=1), "FAIL","PASS") -> PASS | X86: =ReconciliationData[[#This Row],[Billed_Units]]*ReconciliationData[[#This Row],[Billed_Price]] -> 42345.024 | Y86: =ReconciliationData[[#This Row],[ordered_units]]*ReconciliationData[[#This Row],[List_Price]] -> 42345.024 | Z86: =ReconciliationData[[#This Row],[billed_revenue]]-ReconciliationData[[#This Row],[expected_revenue]] -> 0 | AA86: =ReconciliationData[[#This Row],[missing_invoice]]*5 + ReconciliationData[[#This Row],[unit_mismatch]]*3 + ReconciliationData[[#This Row],[list_price_mismatch]]*4 + ReconciliationData[[#This Row],[contract_price_mismatch]]*4 + ReconciliationData[[#This Row],[expired_contract]]*4 + ReconciliationData[[#This Row],[late_return]]*2 + ReconciliationData[[#This Row],[over_return]]*3 + IF(ABS(ReconciliationData[[#This Row],[revenue_variance]])>500,5,0) -> 0 | AB86: =IF(ReconciliationData[[#This Row],[severity_score]]=0,"LOW", IF(ReconciliationData[[#This Row],[severity_score]]<=5,"MEDIUM","HIGH")) -> LOW | AC86: =TEXT(ReconciliationData[[#This Row],[Order_Date]],"YYYY-MM") -> 2024-06
